"sch_mansoni.percent_pos","sch_mansoni.bio01"
18,24.5
5,23.4704401388108
50,24.6000003814697
2,23.1000003814697
3,23.7000007629395
2,22.8999996185303
3,22.7000007629395
8,23.1000003814697
2,22.1000003814697
12,22.5
1,20.7000007629395
1,22.1000003814697
76,23.2000007629395
4,20.7000007629395
3,20.8999996185303
17,22.4961783293706
9,22.7999992370605
81,22.3999996185303
4,21.7000007629395
25,21.7999992370605
1,19.6584670581757
3,21.2999992370605
2,19.1000003814697
5,18.2999992370605
3,20.1956668780282
2,19.2999992370605
1,20.3999996185303
3,21
10,18
10,18.7999992370605
9,18.3999996185303
1,19.3999996185303
1,19.2999992370605
2,19.5
15,18.8999996185303
4,18.7000007629395
1,20.1000003814697
2,18.7000007629395
2,17.5
3,18.1306325890836
26,17.3988623611326
2,18.131656346383
19,18.8999996185303
4,18.2999992370605
10,17.4341460902516
1,17.8905686882453
4,15.6081172645866
13,17.9998368672407
4,19.8999996185303
1,15.551465748964
12,17.6000003814697
2,18.8999996185303
25,16.5
18,24.1000003814697
7,20.2999992370605
5,21.5972225930956
6,16.2000007629395
6,19.7000007629395
7,17.2000007629395
21,16.8999996185303
13,17.1000003814697
3,17.6000003814697
2,21.2000007629395
9,18.2000007629395
14,18.2546491949632
1,19.3999996185303
8,18.5740561117288
4,18.2000007629395
8,17.7999992370605
3,18.8999996185303
1,21.7000007629395
12,19.5
6,17.2000007629395
2,21.7999992370605
2,19.1021280491606
2,19.7999992370605
6,18.2000007629395
8,17.6000003814697
9,19.5397374258057
16,19.8999996185303
13,17.7000007629395
7,21.2999992370605
28,20.0202640489456
34,18.6000003814697
11,23.0730265943628
10,17.9337723997515
9,22.4909835721626
15,18.9886142428559
11,20.875452572667
9,17.2999992370605
2,18.6000003814697
9,17.5727725548319
15,16.85460492498
20,23.3999996185303
18,17.7999992370605
10,18
16,21.8436357671564
6,20.1000003814697
67,19.4085946926401
5,19.4190394262604
9,19.7999992370605
8,19.5228098624994
17,22.1276037925531
7,18.6896218106617
13,18.2000007629395
38,19.5
3,20.6000003814697
21,20.2000007629395
9,19.7000007629395
9,19.7000007629395
55,20.7999992370605
52,22.7538078889152
5,23.1000003814697
2.2,24.7999992370605
2.2,24.7999992370605
2.2,24.7999992370605
2.5,24.7999992370605
2.5,24.7999992370605
16,24.7999992370605
1,21.2999992370605
2,22
2.4,18.7000007629395
9.5,21.7999992370605
9.1,19.017792489619
4,21.8999996185303
38,21.5
38,21.5
45,25.2999992370605
23.5,25.5
23.5,25.5
31.700001,25.5
41.400002,25.5
41.400002,25.5
41.700001,25.5
11.5,25.5
11.5,25.5
33.299999,25.5
6.8,25.5
60.099998,25.5
55,25.5
71,25.5
16.700001,25.5
13.8,25.5
0.5,25.3999996185303
52,25.3999996185303
2.1,22.3999996185303
75,25.5
17.299999,25.5
17.299999,25.5
34.900002,25.2000007629395
8.5,25.3999996185303
8.8,25.5
30.799999,22.5
77.099998,25.5
49.400002,25.5
7.1,19.8999996185303
2,22.4983416188811
0.5,19.8999996185303
4,20.3101153618858
1.6,22.7999992370605
2,23.5
1,24.8244585649741
2.2,24.7000007629395
2.2,24.7000007629395
2.5,21.1000003814697
1.1,21.7000007629395
1.1,21.7000007629395
0.3,21.5
1.1,25.7000007629395
1.1,25.7000007629395
1,25.5
1,25.5
0.5,20.2999992370605
0.5,20.2999992370605
1,25.5777966239815
3.4,20.2999992370605
7.4,20.2999992370605
10.6,20.2999992370605
11.4,20.2999992370605
28.5,20.2999992370605
42.099998,25.5055276592772
35.299999,21.7000007629395
0.8,20.8163872594419
9.8,21.2999992370605
29.799999,25.255033544246
46.400002,25.255033544246
70,21.2000007629395
5.9,20.6000003814697
22.200001,21.2000007629395
2.2,20.6000003814697
10,22.8999996185303
15,19.8999996185303
24,23.1000003814697
3.2,23.1000003814697
8,23.2999992370605
72,22.7462712433379
58,22.6672856297099
0.9,19.8999996185303
6,19.7809842470749
5.2,18.7999992370605
10,20.2000007629395
8.4,20.2999992370605
8.8,20.5
2,19.3999996185303
2,19.4882652613581
0.7,19.2999992370605
19.200001,23.1154503555168
0.5,20.8999996185303
1.8,20.9868824031122
2,21.1037675191278
0.6,20.8754261459507
1.6,20.9715752340343
2,20.1000003814697
1,21
12,20.1453772668969
0.7,19.3411256738083
4,20.3999996185303
3.6,20.2999992370605
1.7,23.6000003814697
2,21.1000003814697
4.8,22.2999992370605
37.5,21.2000007629395
5,22.2000007629395
2.7,20.9636362249201
66.099998,23.7000007629395
79.900002,23.7000007629395
75,23.7000007629395
75,23.7000007629395
68.699997,23.7000007629395
62,23.7000007629395
14.8,22.5161235606486
44.200001,22.6000003814697
8.9,22.7000007629395
33.8,21.5
23.6,20.9
2.8,21
10,23
10,22.99121
2,23
1.3,20.88451
4,23.1
4,23.2
1.4,18.6
5.1,23.6
42,23.22543
2.9,19
61.3,23.70587
6.7,24.3
18.8,24.7
22.6,23.6
63.5,24.3
8,22
45.6,21.83151
45.6,22.6
7.4,22.6
2.1,23.2
13,22.9
13,22.9
16.6,24.6
21.9,25.3
18.6,22.6
21.1,22.6
20.3,22.6
7.3,21.7
7.3,21.7
21.7,21.7
25,21.7
57.1,21.7
11.8,21.7
13.3,21.7
13.3,21.7
5.1,21.7
10.8,21.7
16.4,21.7
27.8,22.07838
27.8,22.07838
81.5,24.6
12.5,25
12.5,25
12,22.1
22,22.1
12,22.1
5.6,21.1
12.5,21.6
12.5,21.6
10,21.6
20,21.6
20,21.6
14.3,21.7
14.3,21.7
13.3,21.6
13.3,21.6
7.7,21.7
26.7,21.7
26.7,21.7
25,21.4
52.9,21.3
18.2,21.6
18.2,21.6
20,21.55246
27.8,21.58504
27.8,21.58504
42,23.24877
77.8,21.4
86.7,21.5
86.7,21.5
28.6,21.6
28.6,21.6
10,21.54842
46.7,21.6
55.6,21.5
55.6,21.5
25,21.7
30.8,21.7
37.5,21.6
37.5,21.6
59.4,21.50194
23.1,21.55483
6.7,21.50158
21.4,21.6
21.4,21.6
31.3,20.94648
31.3,20.94648
10,21.57535
10,21.57535
10.5,21.5
16.7,21.30159
14.3,21.41905
14.3,21.41905
16.7,21.6
22.2,21.06807
28.6,21.6
69.2,21.6
73.3,21.6
73.3,21.6
56.3,21.6
47.1,21.60158
47.1,21.60158
52.9,21.5
50,21.6
37.5,21.5239
46.2,21.6
5,21.6
5,21.6
57.1,21.6
68.8,21.6
68.8,21.6
46.9,21.5
46.9,21.5
30.8,21.6
66.7,21.6
66.7,21.6
75,21.6
73.3,21.6
73.3,21.6
60,22.3
44.4,21.5
44.4,21.5
63.2,21.5
40,22.3
100,22.2
82.4,22.3
87.5,21.5
65,22.2
65,22.2
72.2,22.2
52,21.40879
12.5,21.40879
13.5,21.40879
26.3,21.40879
26.3,21.40879
30,21.40879
13.4,21.40879
14.7,21.40879
12.5,21.40879
35,21.40879
25,21.40879
50,21.40879
18.2,21.40879
8.6,21.30703
28.6,21.5
22,21.5
51.6,21.5
51.9,21.5
51.9,21.5
58.3,21.5
25,21.5
47.1,21.5
23.1,21.5
28.6,21.5
22,21.5
22,21.5
51.6,21.5
51.9,21.5
58.3,21.5
25,21.5
47.1,21.5
23.1,21.5
14.7,21.5
3.1,21.2
3.1,21.2
1.1,21.2
7,21.2
6.7,21.2
14.8,21.2
13.7,21.2
13.7,21.2
11.3,21.2
11.2,21.2
11.2,21.2
11.7,21.2
12.1,21.2
20,21.2
20,21.2
14.3,21.2
20,21.2
20,21.2
16.7,21.2
16.7,21.2
11.2,21.2
11.7,21.2
12.1,21.2
20,21.2
14.3,21.2
20,21.2
16.7,21.2
16.7,21.2
11.2,21.2
11.7,21.2
12.1,21.2
20,21.2
14.3,21.2
20,21.2
16.7,21.2
16.7,21.2
11.2,21.2
11.7,21.2
12.1,21.2
20,21.2
14.3,21.2
20,21.2
16.7,21.2
16.7,21.2
80,22.2
70.6,22.2
70.6,22.2
39.1,21.40458
1.4,21.29683
1.5,21.5
1.5,21.5
54.7,21.41449
54.7,21.41449
54.7,21.41449
54.7,21.41449
54.7,21.41449
12.5,21.41449
31.4,21.41449
53.9,21.41449
60,21.41449
16.7,21.41449
40,21.41449
6.5,21.48236
20,21.5
20,21.5
38.1,21.5
36.7,21.5
44.6,21.5
40,21.5
42.9,21.5
66.7,21.5
50,21.5
50,21.5
33.3,21.5
20,21.5
38.1,21.5
36.7,21.5
44.6,21.5
40,21.5
42.9,21.5
42.9,21.5
66.7,21.5
50,21.5
33.3,21.5
20,21.5
38.1,21.5
36.7,21.5
44.6,21.5
44.6,21.5
40,21.5
42.9,21.5
66.7,21.5
50,21.5
33.3,21.5
75,22.26954
58.8,22.3
60,22.2963
60,22.2963
15.9,21.4
100,22.17042
67.3,21.15536
67.3,21.15536
9.2,21.4
22.2,22.2
22.2,22.2
32.5,22.3194
32.5,22.3194
79.8,22.494
95.2,22.48768
70.6,22
70.6,22
25,22.3
25,22.3
25,22.3
60,22.2
86.7,22.2
86.7,22.2
90.9,22.1
74.4,22.1
100,22
54.2,22.3
59.7,22.3
46.7,22
26.8,22
26.8,22
89.1,22.49471
89.1,22.49471
72.6,22.3
31.4,21.8
81,22.3
52.9,22
78.7,22.2
78.7,22.2
76.2,22.2
41.7,22.5
49.2,22.5
11.1,22.5
94,22.40933
7,22
7,22
18.3,22
13.3,22
50,21.5
39.3,22.4
29.8,22.4
31.3,22.1
5.9,21.77746
40,21.5
64.3,22
10,21.7
10,21.7
1.7,22.34401
8.3,22.33539
2.6,21.7
2,22.3
7.8,22.3
7.8,22.3
84,22.2
75,22.3
58.8,22.3
71.4,22.3
85.7,22.3
27.8,21.39947
27.8,21.39947
87.9,22.3
87.9,22.3
83.9,22.3
85.2,22.3
90,22.3
76.7,22.3
3.1,21.5
66.7,22.17143
50,22.10264
50,22.10264
10.5,22.0843
45,22.1
33.8,21.3
55,22.1
18,22
31.6,22
72.4,22.3
45,21.9
45,21.9
80.2,22.19965
50,22.19965
5.2,21.5
73.3,22.2
49.3,21.3
49.3,21.3
10,21.9
33.3,22.1
33.3,22.1
11.9,22.1
26.7,22.2
19.3,22.2
3.2,21.5
10.4,22
10.4,22
10,22.03845
6.7,22.03845
15,22.1
10,22
2,21.7
2,21.7
30,21.25362
15,22.1
15,22.1
10,22
6.3,21.9
6.3,21.9
5,21.8
2,22
4.3,22.2
4.3,22.2
14,22
76.3,22.1
3.1,22.1
6.7,22.1
10,22.09051
10,22.09051
10.5,22.09049
1.7,22
8,21.9
8,21.9
2.3,22.1
3.9,22.1
10.1,22.8
3.8,22.16134
3.8,22.16134
1.6,22
26.7,22.9
44.1,22.9
11.8,22.8
1.4,22.8
1.7,22
0.8,22.2
1.5,22.62293
1.5,22.62293
1.5,23.2
3,22.9
2.15054,22.7
1.5625,22.7
1.49254,22.7
1.23457,22.7
1.23457,22.7
1.51515,22.7
2.04082,22.7
2.04082,22.7
6.66667,22.7
7.69231,22.7
6.66667,22.7
10.5263,22.7
10.5263,22.7
7.69231,22.7
3.0303,22.7
3.0303,22.7
25,22.7
10,22.7
6.25,22.7
6.25,22.7
3.44828,22.7
7.14286,22.7
7.14286,22.7
11.1111,22.7
14.2857,22.7
14.2857,22.7
4.54545,22.7
1.9,22.76614
7,23.94745
3.7,22.49683
3.7,22.49683
4.4,24.3
1.6,22.4
1.4,22.2
1.4,22.2
1.4,22.2
12.9,22.88576
14.3,22.88576
10.8,21.90316
7.4,23.1
15.3,21.44613
75,25
82.6,25
76.6,25
80.9,25
61.5,25
75,25
75,25
82.6,25
76.6,25
80.9,25
61.5,25
61.5,25
75,25
82.6,25
76.6,25
80.9,25
80.9,25
61.5,25
15,21.9
58.8,25.05211
62.5,25.05211
63.2,25.05211
61.5,25.05211
61.5,25.05211
66.7,25.05211
58.8,25.05211
62.5,25.05211
63.2,25.05211
63.2,25.05211
61.5,25.05211
66.7,25.05211
58.8,25.05211
62.5,25.05211
62.5,25.05211
63.2,25.05211
61.5,25.05211
66.7,25.05211
58.8,25.00035
75,25.00035
73.3,25.00035
73.3,25.00035
77.8,25.00035
75,25.00035
58.8,25.00035
75,25.00035
75,25.00035
73.3,25.00035
77.8,25.00035
75,25.00035
58.8,25.00035
58.8,25.00035
75,25.00035
73.3,25.00035
77.8,25.00035
75,25.00035
75,25.00035
67.6,24.98289
83.3,24.98289
92.3,24.19279
92.3,24.19279
3,22.82074
3,22.82074
3,22.82074
3.3,22.8
6,22.9
95,25.4
81.7,25.4
10,22.9
3.3,22.9
10.3,23.2
95.1,25.3
95.1,25.3
73.8,23.6
73.8,23.6
61.8,23.1
64.2,23.1
97.2,25.5
60.9,25.5
60.9,25.5
26.9,25.5
55.4,23.6
93.8,24.8
93.8,24.8
95.7,24.90794
3,23
58.6,23.3
45.7,23.40933
25,23.40933
2.5,24
2.5,24
91.1,25.4
95,25.4
90,25.50351
2.4,23.60334
19.7,23.4
36.1,23.4
2.4,23.6
3.4,23.8
65.6,25.5
25,25.51968
72,25.5
90.6,25.5
90.6,25.5
90.6,25.5
87.5,25.5
96.4,25.5
100,25.5
95.5,25.5
88.9,25.5
88.9,25.5
87,25.5
96.8,25.5
0.857,25.6
89.4,25.50282
89.4,25.50282
80.6,25.50282
74.2,25.50282
74.2,25.50282
94.4,25.50053
85.2,25.52404
87.9,25.52404
87.9,25.52404
55.6,25.5
50,25.5
2.5,23.7
70.4,25.5
9.5,23.60984
9.5,23.60984
3.7,23.3
28.1,25.35026
37.5,25.4
39.2,25.4
14.8,23.3
5,23.5
6.2,23.3
17,23.3
87.5,25.39859
10.3,23.12456
16.9,23.2
44.1,23.39842
33.3,23.3
33.3,23.3
4.8,23.5
4.8,23.5
88,24.9
4.8,23.83205
38.1,24.09806
66.1,23.7
10.3,23.77148
23.3,23.2
23.3,23.2
3.6,23.7
54,25.3
92,25.3
64,25
64,25
14,24.59895
25.8,24.59526
66.7,25.2
60.7,25.2
60.7,25.2
81,25.2
93.5,25.2
90.3,25.2
83.6,25.2
83.6,25.2
82.4,25.2
81.2,25.2
40.8,25.1007
40.4,25.2
14.8,24.6
14.8,24.6
25.5,24.54359
20,25.2
76.6,25.2
40.5,24.73128
21.6,25.1
13.8,23.2
29,25.3
29,25.3
30.8,25.3
60,25.3
60,25.3
83.3,25.3
87.5,25.3
100,25.3
100,25.3
90,25.3
100,25.3
100,25.3
100,25.3
100,25.3
100,25.3
100,25.3
88.2,25.3
88.2,25.3
93.8,25.3
100,25.3
100,25.3
100,25.3
10.4,24.90807
10.4,25.3
10.4,25.3
39.2,25.2
28.3,24.8
13.6,23.3
8.2,24.67958
60,25
66.7,25
1.6,23.3
28,24.81757
36.7,25
34.1,25
10.9,25
3.4,22.2
22,24.8
22,24.8
35.2,23.5
17.8,24.50299
46.7,23.3
46.7,23.3
12,25
16.7,25
58.3,25
20,23.4
1.7,20.3
1.7,20.3
13.6,23.6
18.2,25.1
9.7,22.9
3.2,23.04168
53.3,23.8
53.3,23.8
20.3,23.4
20.3,23.4
24.6,23.8
1.7,23.5
1.7,23.5
8.2,23.1
3.1,23.32724
13.2,23.7
6.7,23.2
11.1,23.2
8.8,25.0419
8.8,25.0419
0.7,23.2
16.4,23.3
36.2,23.9
30.2,23.5
3.4,23.61336
1.7,23.6
77.8,25.4
32.4,25.40754
32.4,25.40754
41.5,25.40754
41.8,25.40754
33.9,25.40754
29.8,25.40754
23.3,25.40754
23.3,25.40754
43.3,22.9
35.8,22.9
30.1,22.9
30.1,22.9
10,22.9
10,22.9
38,22.9
67.6,22.9
73.8,22.9
72.2,22.9
43.5,22.9
41.9,22.9
16.9,25.3
4.2,23.24454
1.7,23.24657
19.6,25.4
12.5,25.6
12.5,25.6
14.3,23.5
53.6,24.3
25.6,26
25,25.6
95.2,25.19297
74.6,25
35,26.15747
62.1,26.17452
62.1,26.17452
3.3,24.2
88.9,26.10842
3,24
3,24
8.3,26.1
41.3,25.4
46,25.1
90,26
5.3,23.1
5.3,23.1
3.5,24.2
1.6,24.3
1.6,24.3
16.7,24.5
95.1,25.8
95.1,25.8
9.4,24.58357
9.4,24.58357
8.3,24
8.3,24
74.6,25.8
18.6,24
2,23.4
2,23.4
14.3,24.02619
22,26.3
69.8,24.39982
40.3,25.8
9.2,24.2
81.4,25.9
24.1,26.4
51.4,26.3
47.5,26
47.5,26
0.5,23.59104
0.5,23.59104
59.3,26.6
66.7,26.6
36.2,26.6
10.8,26.6
32.5,26.59597
9.8,25.8
15,24.7
10.5,25.2
3,25.4
9.6,24.6
3.4,24.66749
3.4,24.66749
39.3,26.3
0.6,26.7
0.6,26.8
1.5,26.7
2.6,26.6
2.6,26.6
1,27.1
1,27
1,27
8,23.8
10,26.52322
10,26.52322
7.9,26.8
3,25.7
3,25.7
8,27
4,26.4
4,26.4
13.6,27.1
13.6,27.1
24.8,27.2
24.8,27.2
30.7,27.2
23.4,27.2
23.4,27.2
27.9,26.41693
35.8,26.29009
25.1,26.09826
25.1,26.09826
4.3,25.96122
35.9,26.29009
60,27.2
73.3,27.2
73.3,27.2
82.9,27.2
77.4,27.2
77.4,27.2
81.6,27.2
83.8,27.2
83.8,27.2
75.9,27.2
94.1,27.2
94.1,27.2
50,27.2
75,27.2
75,27.2
60,27.2
73.3,27.2
73.3,27.2
82.9,27.2
77.4,27.2
77.4,27.2
81.6,27.2
83.8,27.2
83.8,27.2
75.9,27.2
94.1,27.2
94.1,27.2
50,27.2
75,27.2
75,27.2
60,27.2
73.3,27.2
73.3,27.2
82.9,27.2
77.4,27.2
77.4,27.2
81.6,27.2
83.8,27.2
83.8,27.2
75.9,27.2
94.1,27.2
94.1,27.2
50,27.2
75,27.2
75,27.2
2.1,27
28,26.97573
4,26.8
20,27.05603
4,27.8
0.5,25.83945
0.5,25.83945
18.7,26.1
1.5,26.54062
1.5,26.54062
3,26.07306
2,27.2
3.5,26.2
3.5,26.2
25.8,25.72776
14.7,26.3
14.7,26.3
7.6,26.2
7.6,26.2
7.6,26.2
0.8,25.1
1.5,25.7
10.2,21.93111
50.5,22.85044
50.5,22.85044
11.1,22.69824
12,22.69824
13.1,22.6
52.9,22.57047
1.1,23.7
12.9,23.7
34.8,23.7
34.8,23.7
27.2,23.7
17.6,23.7
12.6,23.7
6.7,23.7
9.5,23.7
9.5,23.7
22.2,23.7
44.4,23.7
60,23.7
58.9,23.7
35.6,23.7
35.6,23.7
28.1,23.7
2.1,19.2
1.4,19.2
1.4,19.2
33.3,22.6
20,22.6
25,22.6
50,22.6
100,22.9
100,22.9
100,22.9
66.7,22.9
100,22.9
50,22.9
100,22.9
100,22.95518
100,22.95518
75,22.95518
100,22.95518
100,22.95518
33.3,22.7
25,22.7
25,22.7
100,22.7
6.4,24.6
6.4,24.6
1.8,20
0.4,27.1
31.7,22.9
31.7,22.9
14.3,22.9
35.3,22.9
72.7,22.9
72.7,22.9
18.2,22.8
37.9,22.9
50,22.9
9.7,22.8
10,22.8
10,22.8
0.1,27.1
53.1,23.7
53.1,23.7
53.1,23.7
25.2,23.7
45.6,22.46731
0.5,20.3
2.7,22.4
2.7,22.4
34.2,22.4
40,22.4
48.4,22.4
48.4,22.4
50,22.4
79,22.5
93.7,22.5
93.7,22.5
86.7,22.5
84.2,22.5
7.1,24.1
10.9,22.9
93.9,22.6
93.9,22.6
83.8,22.6
71.4,22.6
63.9,22.6
66.2,22.6
62.4,22.6
40.3,22.7243
46.9,22.7243
36.6,22.7243
31.9,22.7243
33.3,22.7243
25.6,22.7243
6.7,21
33.3,20.8
33.3,20.8
38.5,21.1
41.6,22.4
57.2,22.4
57.2,22.4
31.3,22.40775
31.3,22.40775
40.1,22.40775
25,22.2
29,22.2
45.7,22.2097
38.5,22.2097
0.4,25.4
22.9,23.6
43.5,23.6
0.7,23.6
0.8,23.6
50.8,23.7
31.2,23.7
95,23.9
7.1,23.6
7.1,23.57522
7.7,24.3
7.7,24.3
83.1,25.1
83.1,25.1
5.7,23.39843
5.7,23.39843
3.1,23.7
2.2,24.5
2,23.8
2,23.8
6.2,23.6
14.6,22.57684
25,22.60404
5.88,22.60404
9.09,22.60404
9.09,22.60404
50,22.60404
18.18,20.4
18.18,20.4
10.53,20.4
5,20.4
33.33,20.4
33.33,20.4
12.5,20.11252
21.05,20.11252
50,20.11252
40,20.11252
40,20.11252
10,21
8.33,21
8.33,21
50,21
18.75,20.19544
9.09,20.19544
27.27,20.19544
37.5,20.19544
37.5,20.19544
5.88,19.6
5,19.6
6.67,20.39049
6.67,20.39049
5.88,19.2
5.88,19.2
16.67,20.34032
6.67,20.34032
18.75,20.34032
18.75,20.34032
27.27,20.34032
100,20.34032
100,20.34032
11.11,18.8986
33.33,20.48715
33.33,20.48715
18.18,20.48715
23.08,20.48715
22.73,20.48715
27.27,20.48715
27.27,20.48715
8.33,22.43814
8.33,22.43814
16.67,22.43814
50,22.4
16.67,22.4
18.75,22.4
18.75,22.4
12.5,22.4
11.11,22.4
33.33,22.4
25,22.4
25,22.4
100,22.9
100,22.9
60,22.9
66.67,22.9
50,22.9
54.55,22.9
54.55,22.9
25,22.9
33.33,22.9
4.55,22.2
4.55,22.2
100,19.8
5.88,19.8
5.88,19.8
20,22.575
20,22.575
10,22.575
8.33,22.575
11.11,22.575
14.29,22.575
14.29,22.575
100,22.575
11.11,22.9
11.11,22.9
20,22.9
8.33,22.9
7.14,22.9
6.67,22.20633
15,22.20633
16.67,22.20633
16.67,22.20633
11.11,21.1
6.67,21.1
66.67,21.1
66.67,21.9
66.67,21.9
78.57,21.9
78.57,21.9
88.24,21.9
66.67,21.9
100,21.9
100,21.9
100,21.9
33.33,22.62102
4.76,22.62102
4.76,22.62102
7.14,22.62102
9.09,22.4
11.76,22.4
11.76,22.4
10,21.34025
50,22.54095
7.69,22.33012
6.67,22.33012
6.67,22.33012
25,22.33012
14.29,22.5
11.76,22.5
25,22.5
8,20.9
8.33,20.9
25,20.9
16.67,22.65747
10.53,21.21002
50,22.61754
15,22.61754
26.67,22.61754
9.09,22.61754
33.33,21.92316
5.88,21.6
5.56,23.7
7.69,23.7
7.69,23.7
6.67,22.9
6.67,22.9
20,23.85263
5,21.22907
5,21.22907
50,21.22907
9.09,22.68759
10,22.68759
7.69,25.6
2.22,23.4
7.14,23.2
9.09,26.37273
7.14,20.5
4.55,25.52487
4.55,25.52487
25,25.52487
6.25,22.4
6.25,22.4
8.33,23.5
14.29,23.3
14.29,23.3
50,23.3
8.33,23.52112
6.67,24
4.35,25.85235
14.29,25.85235
14.29,25.85235
12.5,25.85235
9.09,23.05026
64.3,22.39842
28.2,17.3
42.6,22.5
16.6,22.4
30.5,22.3
30.5,22.3
15.8,22.6
10.5,22.28307
3.3,22.28307
95,22.59772
3.1,22.59772
10.2,22.59772
10.2,22.59772
12.7,22.59772
9.7,22.59772
9.7,22.59772
18.6,22.59772
18.1,22.59772
18.1,22.59772
18.1,22.59772
16.5,22.59772
16.5,22.59772
14.8,22.59772
18.8,22.59772
18.8,22.59772
3.8,23.2
3.9,23.2
3.9,23.2
3.6,23.2
12.5,23.2
20,23.2
20,23.2
5,23.4
18.2,23.35751
3.7,23.2
11.1,24.3
7.5,24
2.5,23.9
0.7,21.8
19.7,22.4
74.8,22.4
74.8,22.4
47.6,22.4
36.4,22.4
76.4,22.6
76.4,22.6
37.1,22.64763
46.7,22.7243
20,22.6
43.3,22.4
38,22.5
60.7,22.3
41.4,22.2
52.6,22
3.6,22.6
20,22.7
10.1,22.7
17.1,22.7
11.8,22.7
25,22.4
7.1,22.4
15.2,22.4
11.8,22.4
22.1,21.10772
3,20.8
5.9,20
2.9,21.2
51.9,21
51.9,21
13.3,23
24,22.2
2.6,22.8
12.4,22.69824
1.7,22.7
2.4,21.01004
6.9,20.8
6.9,20.8
20.4,21.1
88.6,22.4
95.7,22.4
89.7,22.4
89.7,22.4
87.6,22.4
100,22.41111
86.2,22.4
80.7,22.57663
62.2,22.5
62.2,22.5
75.9,22.5
78.8,22.5
93.3,22.5
75,22.5
50,22.5
50,22.5
50,22.5
100,22.5
100,22.5
50,22.5
50,22.5
50,22.5
20,21.2
61.7,22.86314
41.7,22.3
56.7,22.6
61.7,22.28571
33.3,22.20282
33.3,22.20282
45,22.1
63.3,22.1
8,22.58732
4,21.7
1.7,22.20035
71.5,22.4
33.8,22.3
33.8,22.3
57.4,22.5
87.3,22.3
36.2,22.3
36.2,22.3
72.3,22.2
72.3,22.2
19.6,22.57733
77,22.2
77,22.2
15,23.7
15,23.7
70.3,22.5
70.3,22.5
70.3,22.5
70.3,22.5
70.3,22.5
70.3,22.5
70.3,22.5
70.3,22.5
6.2,22.8
6.2,22.8
82.8,22.5
82.8,22.5
92,22.2
79.2,21.11972
17.6,23.08295
38,22.1
38,22.1
4.9,22.50454
4.9,22.50454
37.7,24.8
52.5,24.9
4.2,24.7
13.4,24.7
0.7,24.9
74.8,25.1
1.3,24.8
5.8,24.7
3,24.9
2.6,24.7
2.7,24.7
21,24.51842
2.5,26.8
2.5,26.8
37.6,24.4
37.6,24.4
0.7,26.1
3.1,27.55657
3.1,27.55657
51,27.55657
30.6,24.8
30.6,24.8
3,26.69738
28,25.42867
28,25.42867
16,25.7
20,27.3
13.5,27.6227
1.9,27.9
4,27.9
4,27.9
7,27.94949
7,27.94949
17,25.1
63.9,28.4
80.4,28.5
76.9,28.5
63.9,28.6
15,28.5
73.3,28.7
31.5,28.7
18.7,28.4
64.5,28.6
19.2,28.3
65,28.6
65,28.6
26.8,28.59548
21.4,28.5
67.6,28.5
71.4,28.5
13.3,28.5
16.3,28.4
65.3,28.4
49.4,28.3
20.4,28.3
61.5,28.39301
0.4,29.6
45,28.5
45,28.5
72.7,28.6
72.6,28.6
51.5,26.3
51.5,26.3
70,27.2
47,28.5
47,28.5
50.4,28.8
80.6,28.8
75.4,28.8
48.8,28.8
44.4,28.8
43.8,28.8
47.4,28.8
43.9,28.8
75,28.5
56.5,28.5
80.3,28.5
80.3,28.5
45.8,28.5
76.9,28.5
50,28.5
50,28.5
57.9,28.5
0.25,28.4
0.25,28.4
62.8,28.4
32.1,29.32135
43,29.3
51,29.3
39.9,29.5
17.9,29.57566
33.3,28.7
54.8,28.8
40.6,28.7
52.6,28.7
52.6,28.7
53.5,28.7
63.8,28.5
63.8,28.5
56.5,28.5
70,28.7
70,28.7
46.2,28.4
8.2,27.47356
8.2,27.47356
26.9,28.2
26.9,28.2
5.5,28.55926
5.9,28.9
23.8,28.8
23.8,28.8
23.8,28.8
48.2,28.4
48.2,28.4
10.7,28.59831
100,28.5
100,28.5
90.9,28.4
85,28.4
83.3,28.5
83.3,28.5
51.6,28.7
85.2,28.3
55,28.5
100,28.5
100,28.5
66.7,28.5
22.7,28.5
96,28.5
94.7,28.5
70.2,28.5
21.4,28.5
72.7,28.5
100,28.5
68.8,28.5
21.4,28.5
72.7,28.5
100,28.5
68.8,28.5
24.37,28.4
75.49,28.4
77.14,28.4
72,28.4
68.58,28.4
46.15,28.5
41.79,28.5
73.91,28.5
90,28.5
58.33,28.5
48.72,28.5
100,28.2
31.37,28.2
43.33,28.2
31.25,28.2
20,28.2
9.09,28.2
40,28.2
75,28.2
65.22,28.2
36.36,28.2
36.54,28.2
10.75,28.3005
11.5,28.3005
34.47,28.3005
42.41,28.3005
54.49,28.3005
33.28,28.3005
6.76,28.5
55.51,28.5
84.52,28.5
89.15,28.5
80,28.5
62.8,28.5
52.8,28.5
52.8,28.5
78.7,28.6
89.1,28.4
89.1,28.4
85.9,28.3
80.5,28.4
87.9,28.2
87.1,28.3
25.2,28.6
30.1,28.5
30.9,28.4
36.4,28.3
59,28.3
59,28.3
72.9,28.5
41.9,28.5
41.9,28.5
58.7,28.5
2.6,28.2
2.6,28.2
16,28.5
16.5,28.6
38.8,28.5
45.8,28.6
2.7,28.6
35.4,28.55134
35.4,28.55134
47.6,28.5
47.6,28.5
9.4,28.5
9.4,28.5
40,28.5
40.4,28.5
24.3,28.5
24.3,28.5
9.5,28.4
49.2,28.4
36.5,28.4
36.5,28.4
54.7,28.4
17.3,28.3
17.3,28.3
32.3,28.3
18.6,28.3
14.4,28.3
14.4,28.3
36,28.2
46.2,28.4
25,28.2
6.6,28.4
6.6,28.4
49.2,28.2
36.5,28.3
50.5,26.3
62.9,28.6
47.3,27.2
5.7,28.55134
31,28.55134
58.4,28.55134
67.5,28.55134
62.1,28.55134
47,28.55134
47,28.55134
20.3,28.7
61.7,28.7
61.7,28.7
82.2,28.7
85.3,28.7
83.1,28.7
83.1,28.7
59.7,28.7
10.5,28.7
2.1,28.7
2.1,28.7
6.8,28.7
3.9,28.7
5.6,28.7
5.6,28.7
75.7,28.7
6.4,28.7
17.3,28.6
17.3,28.6
3.1,28.7
3.7,28.7
4.2,28.6
4.2,28.6
12,28.6
12,28.6
5.7,28.6
8.5,28.6
8.9,28.6
4.6,28.6
5.7,28.6
78.6,28.5
4.2,28.6
12.5,28.50051
12.5,28.50051
5.1,28.59983
18.4,28.5
2.5,28.5
2.5,28.5
12.2,28.5
90.8,28.8
13.8,28.5
91.3,28.7
91.3,28.7
16.9,28.4
86.5,28.5
8.7,28.5
36.8,28.4
36.8,28.4
65.9,28.5
24.4,28.5
5.9,28.5
35.8,28.4
35.8,28.4
7.6,28.5
7.6,28.5
10.9,28.4
84.2,28.7
20.5,28.4
11.1,28.4
4.3,28.4
4.3,28.4
93.7,28.7
69.8,28.4
69.8,28.4
50.9,28.4
5.9,28.3
15.8,28.4
12.6,28.4
12.6,28.4
16.7,28.4
12.3,28.4
12.3,28.4
89.3,28.7
89.3,28.7
13.5,28.4
96.6,28.6
9.4,28.3
9.4,28.3
11.8,28.3
2.5,28.3
5.1,28.3
79.6,28.7
35.3,28.5
43.4,28.6
43.4,28.6
81.3,28.5
81.3,28.5
36,28.3
44.7,28.4
8,28.5
36.6,28.4
17.3,28.7
0.7,28.98226
0.5,26.6
2.5,26.1
0.3,26.7
3.9,26.2
3.9,26.2
0.9,26.2
0.46,26.1
0.46,26.1
2.3,25
0.2,25.7
28.6,25.7
33.6,25.7
51.9,25.7
51.9,25.7
26.2,25.7
0.5,26.2
5.4,25.85744
0.5,26.3
35,25.3
4.9,25.47409
4.9,25.70052
0.6,25.88374
7.4,24.68826
0.7,25.2
9.9,25.9
38,26.1
3.6,26.20156
14.1,26.2
19,26
1.1,26.6
7,26.4
12.6,25.6
27.5,25.6
25,26.71537
2.9,26.80155
0.7,27.4
40,24.90103
2.5,25.9
10.6,25.9
70,24.7
80,24.7
78,24.7
78,24.7
50,24.7
50,25.7
46,26.4
22.2,27.29442
10.6,28.2
10.6,28.2
10.6,28.2
15.8,28.1
14.8,27.2
14.8,27.2
18.4,28.4
18.2,26.7247
63.2,28.15263
63.2,28.15263
49.5,28.3
49.5,28.3
100,28.1
100,28.1
100,28.1
4.8,27.30459
21.4,27.8
21.4,27.8
30,28
1.3,27.1
33.3,27.3
1.3,27.57875
3.9,27
42,28.4
0.3,29.7
66,26.3
72,26.31293
80,26.3
80,26.3
44,26.3
52,26.4
36,26.4
36,26.4
2,24.5
38,26.3
38,26.3
28,26.7
28,26.9
28,26.9
0.2,25.3
0.2,25.3
80,27
91.5,27
86.9,27
10.1,26.3
9.1,26.3
1.4,26.3
10.1,26.3
9.1,26.3
1.4,26.3
59.6,27.4
62,27.6
72,26.7
100,27.6
100,27.6
100,27.6
96,27.6
94,27.6
95,27.6
95,27.6
94,27.6
75.4,27.6
81.5,27.6
96.6,27.6
100,27.6
95.2,27.6
95.2,27.6
100,27.6
90.8,27.6
60,27.6
98.6,27.6
98.4,27.6
95.8,27.6
100,27.6
97.6,27.6
97.6,27.6
92.7,27.6
91,27.6
85.1,27.6
83,27.6
85,27.6
97.8,27.6
97.8,27.6
26.7,27.6
26.7,27.6
63.2,27.6
80.5,27.6
80.5,27.6
69.4,27.6
62.2,27.6
62.2,27.6
49.1,27.6
26.7,27.6
26.7,27.6
63.2,27.6
80.5,27.6
80.5,27.6
69.4,27.6
62.2,27.6
62.2,27.6
49.1,27.6
26.7,27.6
26.7,27.6
63.2,27.6
80.5,27.6
80.5,27.6
69.4,27.6
62.2,27.6
62.2,27.6
49.1,27.6
16.9,27.6
16.9,27.6
67.1,27.6
51.5,27.6
79.7,27.6
59.7,27.6
59.7,27.6
63,27.6
15.8,27.6
15.8,27.6
30.4,27.6
41.4,27.6
61.5,27.6
61.5,27.6
23.1,27.6
47.6,27.6
55.4,27.6
55.4,27.6
34.6,27.6
75,27.7
75,27.7
56.1,27.7
74,27.53715
70,27.65977
70,27.65977
82,26.90381
68,27.7
68,27.7
10.2,27.4
1.3,27.4
10.2,27.4
1.3,27.4
98.5,27.6
98.5,27.6
66,27.8
1.3,28.2
5.6,17.68377
2.2,17.3
3.5,17.15141
6,18.2
6.8,17.5
18.4,17.66702
7.7,17
7.7,17
0.3,20.76197
2.1,19.7
2.1,19.7
6.6,20.73398
0.5,19.95775
3,19.48607
3,19.48607
5.4,16.2
5.4,16.2
6.8,19.3
17.8,17.18697
12.9,17.3246
12.9,17.3246
0.4,19.75458
0.4,19.3775
0.4,17.77926
1.1,16.66296
0.8,19.7413
0.4,14.29084
0.4,14.29084
4.5,18.92662
1.6,18.23774
0.7,19.7
0.7,19.7
13.8,19.62004
27,26.5
13,28.4
4,25.2
14,26
14,26
11,26.1
28,25.3
3.6,25.76825
9,25.4384
9,25.4384
1,25.4384
15,27.2
2.4,26.34729
2.4,27.18014
2.4,27.3
2.4,27.2
2.4,27.2
16,27.2
3,27.12707
23,28
23,28
4,26.4
4,25.7
1.4,27.1
2,26.57556
28,22.8
28,22.8
15,21.7
8,22.4
8,22.4
4,26.1
4,26.1
4,26.1
7.4,27.08748
0.4,27.03281
0.4,27.03281
3,25
20.8,26.4
20.8,26.4
4.8,26
6.6,22.76943
4.3,25.30103
52.2,28.1
78.6,28.1
87.1,28.1
87.1,28.1
78.3,28.1
61.8,28.1
14.7,26.1
11.4,26.1
32.4,25.8
36.8,25.9
21.6,25.9
37.5,22.76943
15.4,24.5
4.1,24.48515
10.8,24.5
1.9,24.10086
6.14,27.0214
3.57,27.18076
3.57,27.18076
1.1,27.31155
5.3,27.28276
5.3,27.28276
2.9,27.29072
2.9,27.29072
1.7,27.3
4,27.0214
4,27.0214
1.35,27.18076
6.39,27.4
6.39,27.4
1.5,23.1
3,23.1
1.5,23.1
12.7,26.5
15.8,26.5
2.3,24.88024
3,22.25849
0.3,26.24564
9.9,23.9
0.8,25.2
0.9,25.2
1.4,25.2
1.4,25.2
4.5,26.78275
8,26.69075
0.5,26.37374
1.1,27.27625
9.1,22.61121
8.8,22.61121
21.7,22.61121
3.7,22.61121
1.3,26
0.8,26
0.46,21.64542
0.46,21.64542
0.46,21.64542
19.05,26.05729
33.3,26.08426
0.4,27
1.3,26.8
1.3,26.8
1.1,27.6
0.9,25.2
0.2,25.2
2.7,25.2
2.7,25.2
5.6,25.2
3.2,25.2
3.2,25.2
1.4,25.2
0.7,25.3
0.23,27.2
0.2,26.00312
1.8,25.2
1.8,25.2
0.8,25.2
0.8,29
28.5,29
3,29
2,28.8
2,28.9
18.4,28.78927
3.3,28.8
24,28.9
24,28.9
3.3,28.9
26,28.9835
6.5,28.9835
6.5,28.9
5.1,29
14.9,29
23.7,29
37.9,29
8.3,29
8.3,29
8,29.1
3.1,29.1
3.1,29.1
4.4,29.1
14.6,29.1
11,29.1
11.4,29.1
9.5,29.1
15.2,29.1
19.2,29.1
26.3,29.1
24,29.1
24,29.1
48,29
48,29
10.5,29
10.5,29
18.7,29
26.8,29
36,29
28.3,29
3.3,29
3.3,29
3.3,29
2,28.7
2.1,29
41.4,29.1
41.4,29.1
23.3,29.1
23.3,29.1
14.1,29
14.1,29
0.03,29.3
0.4,29.4
5.9,29.5
19.5,29.5
1.9,27.7
0.9,29.3
0.9,29.3
7.7,28.2
83,22
63,22
77,22
75,21.9
12.5,21.9
90,21.89934
85,21.87578
86.4,21.87578
11.3,22.6
10.5,22.7
10.5,22.7
87,21.8
5.1,21.8
5.1,21.8
94,21.9
94,21.9
6,21.9
96,21.7
86.1,21.7
61.1,21.9
1.1,21.3
1.1,21.3
4,22.66021
1.9,23.3
13.5,23.1
28.5,23.5
7,22.6
16.2,23.3
8,23.4
3.5,24.14383
7.9,23.4
20,24
20,24
9.5,22.58525
29.8,24
34.4,23.1
9.2,24.6
8.8,24.6
14,24.6
14,24.6
100,24.6
5,25.25579
10,25.3
45,25.3
4.8,25.3
5.3,25.3
55,25.2
20,25.4
30,25.3
20,25.7
5,23.60346
5,25.70969
5,24.1
10,25.4
5,25.7
15,24.3
100,24.53719
20,24.6
30,24.3
40,25.2
55,25
1.9,25.15552
0.2,25.15552
2.9,25.1
35,25.1
40,24.3
1.3,25.4
1.3,25.4
75,25.5
20,24.84769
5,23.5
10,24.79652
5,24.7
60,24.4
25,24.3
10,22.4
10,24.2
5,24.26645
5,23.8
5,24.7
30,23.7
50,26.32096
14.2,26.32096
14.2,26.32096
20.8,26.32096
15.9,26.32096
20,24.6
5,23.3
5,23.1809
20,24.83933
40,25.9
5,23.9
18.3,24.7
12.5,24.1
11,25.2
3.3,22.65662
3.3,22.65662
1.3,24.32231
6.7,23.5
16.2,23.5
40,23.5
18.5,23.5
2.3,23.5
11.4,23.5
4.5,24.10536
3.3,24.4
0.5,25.8
0.1,24.6163
0.1,25.8
1.3,24.7
3.8,26.6
1,22.7
0.5,24.5
0.8,24.4
7.1,22.65478
55,27.74479
31.8,26.3
31.8,26.3
66.7,26.3
4,27.3
100,27.3
90,27.3
90,27.3
90,27.3
7.3,27.7
7.3,27.7
21.2,27.3
21.2,27.3
22.2,27.6
11.1,27.6
11.1,27.6
40,27.6
11.8,27.7
23.9,27.7
23.9,27.7
25,27.7
11.6,27.7
8.3,27.5
10.3,27.7
22.7,27.7
22.7,27.7
22.7,27.7
22.7,27.7
22.7,27.7
1.1,26.3
20.8,26.3
24.1,26.3
24.1,26.3
8.6,26.3
8.6,26.3
8.6,26.3
6.9,27.7
29.2,27.7
16.7,27.7
16.7,27.7
7.4,27.6
7.4,27.6
7.4,27.6
7.4,27.6
7.4,27.6
4.3,27.6
4.3,27.6
16.7,27.6
10.8,27.7
10.8,27.7
28.6,27.7
10,27.7
7.1,27.6
12.5,27.6
12.5,27.6
10,27.6
7.1,29.3
10.9,27.2
28.1,27.2
2.2,27.2
15.1,27.2
70.9,27.8
70.9,27.8
62.2,27.8
41.8,27.8
41.8,27.8
22.8,27.8
53.8,27.8
28,26.4
28,26.4
27.1,26.4
22.8,26.4
17.1,26.4
17.1,26.4
33.3,26.4
10.1,26.8
4.4,26.8
9.1,26.8
29.1,27.3
10.1,27.2
25.4,27.2
70.5,27.3
2.1,27.2
14.3,27.2
1.6,27.2
3.6,27.2
20.9,27.2
4.8,27.2
0.9,27.2
4.8,27.2
2.5,27.2
2.9,27.2
3.6,27.2
4,26.83643
2.5,26.79106
1.6,26.87917
0.9,26.97332
1.3,26.91284
0.5,26.9
2.4,26.81709
2.4,26.81709
2.5,26.95897
1.3,26.95897
3.8,27.03191
1.2,26.7
1.5,27
1.1,27
0.5,26.9
1,27
1,27
2.5,26.8
1.9,27
1.8,27
1.1,27.1
5.5,27.03362
5.5,27.03362
0.6,27.03356
2.1,27.11214
5.1,27.07385
18.3,27
1.3,27.08308
18.6,27
8.1,27
1.8,26.9
1.9,27.11618
33.3,27.1
14.3,27.1
2.3,27.1
2.6,27.18545
2.6,27.18545
1.1,27.2
2,27.2
2.1,27.2
4.7,27.2
0.6,27.1
0.9,27.09024
0.6,27.1
1.1,27.09024
0.8,27.1
5,27.09024
2.2,27.1
6,27.1
0.5,27.20188
18.5,27.24286
7,27.2
7.1,27.2
1,27.24286
4.7,27.24286
2.1,27.24286
4.7,27.24286
2.4,27.2
10.2,27.12055
10,27.12055
10,27.12055
5.8,27.12055
6.3,27.12055
0.6,27
0.9,27.3
0.9,27.3
4.4,27.3
2,27.3
37.5,27.2
9.8,27.2
1.7,27.2
4.1,27.24393
4,27.24393
2.6,27.14521
14.9,27.3
13.5,27.3
4.2,27.3
1.7,27.2
16.9,27.2
1.8,27.2
1.8,27.2
43,27.2
2.1,27.2
1.9,27.2
3.9,27.3
0.8,27.4
27.7,27.40085
1,27.6
1.5,26.9
32,26.7
2,27.7
39,26.3
39,26.3
2,27.8
7.3,27
3.6,27.2
2.6,26.6
1.3,26.6
76.2,27.6
19.7,27.6
29.2,27.6
27.8,27.6
5.8,26.6
3.9,27.2
0.8,27.3
18.2,27.8
7.1,27.8
7.1,27.8
12.3,27.8
14.3,27.7
8.3,27.7
8.3,27.7
11.1,27.7
20,27.8
17.5,27.3
33.6,27.3
14.3,27.3
31.5,27.3
6.4,27.3
50,27.4
12.5,27.4
40,27.4
40,27.4
25,27.4
100,27.4
100,27.4
2.7,27.80542
16.8,27.9
29.5,27.9
16.8,27.9
29.5,27.9
16.8,27.9
29.5,27.9
6.3,27.8
7.1,27.8
92.6,27.4
68.6,27.4
48.5,27.4
8.7,27.9
0.6,27.4
33.3,27.9
16.7,27.9
18.2,27.9
18.2,27.9
55.6,27.9
36.4,27.9
25,27.9
25,27.9
33.3,27.9
60,27.9
77.8,27.4
77.8,27.4
60,27.4
87.5,27.4
75,27.4
75,27.4
100,27.4
85.7,27.4
100,27.4
100,27.4
100,27.4
100,27.4
25,27.76481
12.5,27.76481
12.5,27.76481
12.5,27.76481
12.5,27.76481
0.7,27.2
43,27.30339
12.2,27.30339
38.4,27.30339
19.8,27.30339
35,27.30339
34.8,27.3966
46,27.9
53.2,27.4
57.1,27.4
29.3,27.4
29,27.4
19.7,27.4
12.6,27.2
13.5,27.2
79.4,27.4
82.1,27.4
12.5,27.2
25,27.2
20,27.2
16.7,27.2
7.1,27.2
23.1,27.2
23.1,27.2
9.1,27.77929
34.5,27.4
9.9,27.4
9.5,27.4
6.3,27.4
10,27.4
83.5,27.4
27.2,27.4
39.5,27.4
49.3,27.4
11.4,27.8
38.5,27.4
10,27.4
8.9,27.4
8.3,27.4
63.8,27.4
19.8,27.4
32.3,27.4
32.2,27.4
10,27.7
27.3,27.7
27.3,27.7
20,27.7
27.3,27.4
4.9,27.4
2.8,27.4
15.4,27.8
9.1,27.8
33.3,27.8
33.3,27.8
78.6,27.3
92.3,27.3
92.3,27.3
92.3,27.3
90.9,27.3
87.5,27.3
81.8,27.3
81.8,27.3
83.3,27.3
83.3,27.3
23,27.4
5.8,27.4
7.6,27.4
11.4,27.4
31.3,27.76231
31.3,27.76231
75,27.5
100,27.5
100,27.5
100,27.5
100,27.5
100,27.5
100,27.5
100,27.5
90.9,27.5
90.9,27.5
2.3,27.43963
16.7,27.8
14.3,27.8
38.5,27.8
25,27.8
54.5,27.8
63.6,27.8
63.6,27.8
58.3,27.8
66.7,27.8
100,27.8
100,27.8
24.3,27.8
51.3,27.8
24.3,27.8
51.3,27.8
24.3,27.8
51.3,27.8
16.7,27.7
10,27.7
7.7,27.7
7.7,27.7
33.3,27.7
25,27.7
33.3,27.7
33.3,27.7
30.8,27.3
30.8,27.3
3.4,27.6
3.4,27.6
3.4,27.6
3.4,27.6
3.4,27.6
3.4,27.6
12.6,27.4
2.2,27.4
2.5,27.4
11.5,27.4
16.7,27.6
8.3,27.6
8.3,27.6
25,27.6
25,27.6
16.7,27.6
10.2,27.5
28.8,27.4
4.8,27.4
7.1,27.4
5,27.4
7.9,27.5
4.8,27.5
4.8,27.5
14.7,27.4
6.7,27.41019
6.7,27.41019
20,27.41019
2.9,27.4
5.3,27.4
7.4,27.4
6.1,27
4,28.2
4,28.2
1,27.5
3.6,27.5
5.4,27.42618
0.7,27.4
1.4,27.4
2,27.5
4,26.50611
4,26.50611
26.9,27.4
1.8,27.1
34.4,27.4
34.4,27.4
29.5,27.22828
2.8,26.9
5.7,26.8
4,27.9
23.7,27.9
1.3,27.86108
23.7,27.86108
2.4,26.94771
0.9,27
1.5,27.4
0.9,27
0.9,27
2.4,27
4.8,27.8
3.7,26.73638
1.3,27.8
6.9,26.8
9.1,27.6
1.5,26.8
19.1,28.2
0.7,26.9
1.4,26.9
0.6,28
3.3,27.8
4.2,27.8
3.5,27.8
5.3,27.8
0.7,27
14.6,28.04
33.3,28.04
29.4,27.1
8.1,27.4
8.1,27.4
0.7,26.8
5.3,28
2.4,28
2.2,27.9
0.6,28.5
1.3,27
2.8,27
0.5,28
1.1,28
3,27.4
3,27.4
1.5,27
10,28.7
2.5,27.9
1.3,27.7
21.4,27.9
16.7,27.9
12.5,27.8
12.5,27.8
0.7,28.32138
3.7,27.8
2.4,27.7
78.7,27.2
0.8,27
16.7,27.8
20,27.8
10,28.4
1.9,28.4
8.3,27.7
7.7,27.7
6.7,27.7
22.2,27.7
22.2,27.7
8.3,27.7
22.2,27.7
22.2,27.7
2.8,27.6
2.6,26.8
2.4,26.8
26.8,26.9
33,26.9
13.4,26.9
1.2,27.1
5.1,26.89611
5.6,26.7
13.4,26.7
52.8,27.1
33.8,27.1
2.7,26.6
88.6,26.6
0.7,27.1
1.4,27.9
31.1,27.2
33.8,27.2
79.8,26.4
69.8,26.4
69.5,26.4
95.1,26.5
66.9,26.5
49.2,26.5
88.5,26.5
63,26.5
61.6,26.3
47.5,26.3
70.3,26.4
60.7,26.4
43.7,26.6
43.7,26.6
82.1,26.6
77.8,26.6
43,26.3
75.6,26.3
46.8,26.3
78,26.3
87,26.3
87,26.3
84,26.3
84,26.3
71.3,26.3
55.1,26.3
74.2,26.3
0.8,26.6
1.6,27.2
41.8,26.1
69.7,26.1
16,26.2
52,26.2
41.1,26.2
94.7,26.41282
30.6,26.41282
84.1,26.41282
5.5,27.2
5.5,27.2
72.7,26.3
51.4,26.3
65.5,26.3
47.4,27
11.8,26.6
66.4,26.2
68.1,26.3
51.2,26.3
30.7,26.3
30.7,26.3
92.9,26.3
40.3,26.3
88.6,26.3
56.1,26.3
64.9,26.3
75.3,26.4
74,26.4
74,26.4
53.1,26.3
60.6,26.3
71.1,26.4
88.9,26.9
80,26.9
100,26.9
85.7,26.9
90.9,26.9
90.9,26.9
100,26.9
100,26.9
100,26.9
100,26.9
92.3,26.9
85.7,26.9
90,26.9
100,26.9
100,26.9
100,26.9
90.9,26.9
100,26.9
85.7,26.9
85.7,26.9
73,26.3
69.5,26.3
65.2,26.4
34.3,26.5
14.3,26.5
64.5,26.5
7,28.40571
7,28.40571
13.6,26.7
2.5,27.5
54.5,26.5
27.3,26.5
66.7,26.5
44.4,26.5
50,26.5
50,26.5
45.5,26.5
75,26.5
70,26.5
70,26.5
1.8,27
1.1,26.55805
1.1,26.55805
55.8,26.8
50.2,26.8
53.3,26.8
56.3,27.2
54.5,27.2
20,27.4
20,27.4
22.5,27.4
43.2,27.4
36.1,27.4
33.3,27.4
17.5,27.4
15.9,27.4
26.8,27.4
29.4,27.3
47.3,27.3
61.1,27.3
40,27.3
40,27.3
0.7,26.97697
60.3,27.3
64.4,27.3
74.1,27.3
48.4,27.3
57.4,27.2
73.3,27.2
55.6,27.2
4.9,26.9795
16.7,27.3
6.9,27.3
17.4,27.3
11.8,27.3
3,27.3
11.5,27.3
8,27.3
18.2,27.20168
6.3,27.20168
14.3,27.20168
5.1,27.20168
83.7,27.3
61.3,27.3
76,27.3
50,27.3
7.1,27.1
10.3,27.1
10.7,27.1
7.5,27.1
8.9,27.1
0.9,27.1
7.2,27.1
42.2,27.4
41.8,27.4
16.7,27.4
63.8,27.3
61.5,27.3
47.6,27.3
2.9,26.3
0.9,26.98151
1,26
60.4,27.3
77.6,27.3
75,27.3
62.7,27.4
60.1,27.4
79,27.4
77.4,27.4
2.9,26.3
1.9,26.3
4.8,26.3
2.4,29.1
71.1,27.3
66.4,27.3
66.4,27.3
3.6,26.48353
3.5,26.48353
17.3,26.48353
20.8,26.48353
69.8,27.3
1.7,26.1037
0.8,26.1037
68.6,27.4
60.9,27.4
68.9,27.3
52.8,27.3
1.5,26.8
5.2,26.8
1.8,26.8
2.5,26.8
1,26.8
1.3,27
3.9,26.4
58.3,26.2
6.3,26.2
20.6,26.2
11.8,26.2
7.4,26.2
93.7,27.3
93.7,27.3
5.2,27.3
24.1,27.3
31.7,27.3
100,27.3
61.1,27.3
61.7,27.3
32.7,27.3
0.8,26.5
2.8,26.5
4.9,26.3052
15,27.3
53.3,27.3
36.8,27.3
12.5,27.3
30,27.3
63.8,27.3
8.9,27.3
88.3,27.3
11.9,26.77013
1.8,26.8
1.8,26.8
39.8,27.3
18.2,27.3
55.3,27.3
29.1,27.3
5.6,27.3
81,27.2
81,27.2
20,27.3
20,27.3
12.9,26.96886
20.7,27.3
24.8,27.3
18.1,27.3
12.1,27.3
15,27.25973
50.9,27.3
59.2,27.3
73.5,27.3
64,27.3
20.8,27.2
13.2,27.2
17.2,27.2
17.3,27.2
22.4,27.2
6.1,26.2
14.1,26.2
3.5,26.60168
2.3,26.60168
1,26.60168
5.9,26.5
1.7,27.7
18.6,26.7
28.6,26.7
50.4,27.3
75.4,27.3
0.8,27.1
21.6,26.1
1,26.1
1,26.10791
15,26.10791
1.1,26.1
1,26.1
69.1,27.3
69.1,27.3
5.5,27.6
21.9,27.3
21.9,27.3
29.4,27.3
64,27.3
37.8,26.31476
12.8,26.31476
9.4,26.25017
8.7,27.6
36.7,27.3
67.9,27.2
50.8,27.2
6.3,26.2203
27.6,26.3
5.9,26.3
31.3,26.4
36.2,27.3
3.7,26.2
2.2,26.2
54.2,26.29983
53.9,27.3
2.1,26.29415
2.2,26.47584
1.2,28.1563
0.8,26.2
2.7,26
0.8,26
1.9,27.8
5.9,26.5
38.8,26.5
5.9,26.5
9.2,26.5
2.8,26.5
2.8,26.5
2,27.85822
10,26.6
0.9,26.6
2.4,26.6
0.7,26.6
1.6,26.6
13.1,26.6
6.1,26.6
1,26.6
0.9,26.6
1,26.6
6.4,26.5
2,26.5
1.2,26.5
7.3,26.5
2.6,26.5
12.8,26.6
4.3,26.4
0.8,26.4
1,26.4
88.8,27.3
70.6,27.3
70.6,27.3
51.9,27.3
81.2,27.3
1.2,25.9
6.5,26.5
3,27.70905
54,27.3
58.8,27.35209
32.9,26.74405
9.5,26.74405
47.9,27.3
29.3,27.3
48.2,27.4
16,27.4
46,27.4
57.5,27.4
41.8,27.4
1,29.5
3.6,27.3
11.8,28.8
12,28.63946
8,28.9
8,28.9
7.6,28.9
4.2,27.2
8.9,27.2
2.2,27.2
0.9,28.1
1,28.6
0.8,28.8
0.5,27.78505
0.7,29.70466
1.9,29.70466
0.9,29.70466
1.4,27.7
1.4,28
0.9,28.42036
2.6,28.2
3,28.2
1.3,29.9
0.7,28.4
1.4,29.4
3.4,25.5
29.4,20.41426
0.7,20.05482
22,20.654
20,22.5
12,23.158
7.8,22.7
40,18.8
13.7255,21.4
13.7255,21.4
62,20.0638
8.3,19.4
13.3,19.2
57.7,19.2
90.6,19.2
100,19.2
71,18.5299
19.4,20.2
47,20.2
2,21.4
8,19.9
3,24.6
1.69492,22.4
1.69492,22.4
7.2,23.71494
73.9,23.9
43.3,23.9
63,23.9
59.6,23.9
68.4,23.9
68.4,23.9
1.2,23.82351
11.7,24.5
11.7,24.5
5,24.5
12,21.4
57.6,25.1
57.6,25.1
46.7,25.1
7,25.1
0.5,18
1.1,23.6
1.8,22
5,21.91874
5,21.91874
1.3,21.91874
79.9,25.1
79.9,25.1
58,24.1647
28,24.1647
9,20.82962
1.5,21.1
17,21.1
68,25.1
13,25.1
4,21.06683
14,21.06683
12,18.9
2,19.4
2.1,24.21815
14,23.88024
72,20.2
50,20.2
25,26.39878
25,26.39878
7.1,25.2
3,25.3
3,25.3
5.1,25.4
5.1,25.4
8.9,25.41468
10.1,25.41468
10.1,25.41468
4.1,26.4
6.9,25.1
6.1,25.1
6.1,25.1
3.3,25.1
4.3,25.8
42.1,25.4
42.1,25.4
60.9,25.4
42.1,25.4
42.1,25.4
60.9,25.4
4.3,25.8
28.6,25.1
2.1,25.5
4,25.5
12,25.4
4.6,25.4
5,25.39808
5.1,25.2
8.3,25.1
37.8,25
2.7,25
75.6,25
11.1,25
11.1,25
49.7,25
5.3,25
8.2,25
70,25
22.1,25.1
22.1,25.1
22.1,25.1
22.1,25.1
26.6,25
63,25
65.3,25
47.2,25
51.4,25
51.4,25
42.3,25
44.4,25
25.3,25
46.9,25
46.9,25
5.2,25
79.2,24.9
52.8,25
68,25
64,25.1
88,25.1
93,25.1
93,25.1
87,25.1
89,25.1
88,25.1
88,25.1
90,25.1
92,25.1
85,25.1
85,25.1
61.7,25.1
61.7,25.1
78.4,25.1
79.5,25.1
79.5,25.1
60,25.1
63.9,25.1
63.9,25.1
51.2,25.1
61.7,25.1
61.7,25.1
78.4,25.1
79.5,25.1
79.5,25.1
60,25.1
63.9,25.1
63.9,25.1
51.2,25.1
23.3,25.1
6.5,26.4
6.5,26.4
44,25.04444
44.9,25
44.9,25
44.9,25
44.9,25
2.3,26.1
2.3,26.1
17,25.1
17,25.1
20,25.1
0.6,25.6
36.4,24.9
8.5,24.9
23,24.9
23,24.9
29.4,24.9
23,24.9
23,24.9
29.4,24.9
35.4,24.9
35.4,24.9
29.6,24.9
35.4,24.9
35.4,24.9
29.6,24.9
1.8,25.31097
59,25
59,25
12.5,24.8
30,24.4
4,24.4
0.9,24.84627
0.7,24.8
0.7,24.8
0.2,24.541
0.2,24.4
0.9,24.7
8,24.2
3,25.5
3,25.5
1.4,27.8
19.7,19.7833
9.1,22.45563
9.2,22
26.7,22.5
25.8,22.5
17.5,22.5
17,15.4
3.3,22.5
1.4,17.42205
5.9,22.5
28.3,22.49012
22.5,22.5
17.1,22.5
61,19
77,19
76,19
89,19
78,19
93,19
88,19
77,19
95,19
95,19
77,19
44,19
83,19
90,19
58,19
51,19
94,19
86,19
61,19
61,19
54,19
19,19
61,19
61,19
96,19.19824
80,19.19824
97,19.19824
84,19.19824
78,19.19824
62,19.19824
66,19.19824
26,19.19824
82,19.19824
84,19.19824
68,19.19824
93,19.19824
14.3,22.75493
23.9,22.75538
24.6,22.75538
24.6,22.7552
79.4,22.58908
3.8,20.4
1.2,20.4
8.7,20.4
8.7,20.4
2.9,23.50632
2.9,23.50632
7.7,23.50632
62.6,22.75493
32.1,22.75538
31.6,22.41968
92,21.4
66.4,21.4
66.4,21.4
68,21.4
56.1,21.4
36.5,21.5
23.6,19
23.6,19
21.3,19.6
22.6,18.90247
42.2,21.5
30.7,18.8
8.1,21.6
0.2,24.92759
20,21.8
4.9,22.8
70,22.4
70,22.4
3.9,22.5
3.7,22.5
1.6,22.5
1.7,22.5
2,22.5
5.6,22.5
3.6,22.5
7.7,22.5
4.2,22.5
3.4,22.5
2.4,22.5
6.4,22.5
17.4,22.4
22,22.5
22,22.5
11.9,22.3
29.7,22.30053
14.3,22.3
18.8,22.4
9.7,22.5
4.9,21.4
7.7,22.2
10.5,22
10.5,22
30.2,22.1
14.8,22.3
4.3,21.8
8,22.2
11.5,21.9
10,22.15747
10,22.15747
27,22.2
72,22.2
10.5,22
24.4,22.1
10.3,21.99947
79.6,22.55132
20.7,22.1
4.8,21.7
4.1,21.8
8.3,21.8
100,22.53081
33.3,22.53081
100,22.53081
100,22.53081
100,22.53081
100,22.53081
11.1,22
11.1,22
2.8,21.7
14.6,21.9
23.1,22.00565
3,21.9
12.5,21.7
71,22.02226
100,23.07206
10.3,22
2.6,21.9
6,21.8
80,23.1
33.3,23.1
100,23.1
100,23.1
100,23.1
100,23.1
5,23
9.3,21.8716
2.1,22
5.1,22.11599
10.5,22.1
2.9,22.21037
5.1,22.3
15,22.4188
9.4,22.4
2.2,22.3206
15,22.1
17.1,22.1
3.7,22.3
10.7,22.10018
10.7,22.10018
5.9,22.2
28.6,22.40211
18.9,22.39158
27.8,22.49278
17.2,22.2
5.9,22.3
2,23
2,23
29.8,22.6
3.2,15.49665
17.9,22.3
4.1,23
58.3,22.7
10.6,23
62.5,22.6
62.5,22.6
33.3,22.5
5.3,22.6
5.3,22.6
80,22.6
36.1,22.5
16.7,22.64296
100,22.7
50,22.7
20,22.7
33.3,22.7
100,22.7
50,22.7
9.8,23
16.4,23
27.4,23
56.7,23
60.6,23
60.6,23
55.9,23
70.4,23
57.7,23
57.7,23
56.5,23
68,23
76.5,23
76.5,23
10,23
10,23
2,23
2.5,23
22.9,22.99578
23.8,22.9
2,22.60247
39.6,22.9
39.6,22.9
5.1,22.7
5.1,22.7
5.4,22.7
5.9,22.5
2,22.7
10.9,22.51567
10.9,22.51567
13.2,22.6
30.3,22.6
33.8,22.7
19.7,22.69613
85.8,22.6
85.8,22.6
8.4,22.6
10.4,22.4
10.4,22.4
31.2,22.6
6.7,22.6
21.6,22.6
54.5,22.6
25,22.20722
25,22.20722
100,22.6
100,22.6
80,22.6
100,22.6
100,22.6
100,22.6
100,22.6
100,22.4
31.3,22.4
42.9,21.9
42.9,21.9
80,22.45458
40.7,22.5
50,21.1
47.2,22.39525
74.4,22.6
43.5,22.3
33.3,22.6
3.4,22.46413
1.8,22.46413
14.6,22.64404
47.6,22.64404
7.7,22.64404
7.7,22.64404
10.5,22.64404
29.4,22.64404
22.7,22.64404
22.7,22.64404
5.6,22.64404
38.5,22.64404
26.7,22.64404
26.7,22.64404
21.4,22.64404
13,22.64404
3.7,22.64404
3.7,22.64404
11.5,22.64404
16.7,22.64404
9.1,22.64404
9.1,22.64404
10.7,22.64404
12,22.64404
12,22.64404
7.7,22.64404
5.9,22.64404
5.9,22.64404
7.7,22.64404
8.3,22.64404
7.4,22.64404
7.4,22.64404
22,20.65951
14.9,21.12452
14.9,21.12452
71.1,20.9
8.2,21.1833
94.4,21.3
85.3,21.3
85.3,21.3
81,21.3
69.6,21.5
58.2,21.5
60,21.5
90.4,21.6
90.3,21.6
86,21.6
5.3,17.02702
92.7,21.40636
73.5,21.40636
73.5,21.40636
89.9,21.4
75,22.7
100,22.7
100,22.7
100,22.7
100,22.7
5.2,16.26567
22.9,19.7
41.1,19.7
50.8,19.7
50.8,19.7
68,19.7
72.2,19.7
64.7,19.7
64.7,19.7
81.3,19.7
74.3,19.7
92.9,19.7
92.9,19.7
1.1,18.96408
8,19.13057
0.3,19.07887
0.8,19.07887
9.8,19.13761
72.1,19.7
53,19.37954
70.1,19.37954
4.6,21.4875
17.5,21.4875
17.5,21.4875
58.8,19.7
58.8,19.7
84.9,19.9189
84.9,19.9189
83.8,20
82.5,20
82.5,20
71.4,20
71.4,20
75.3,19.8
61.3,19.96056
79.2,19.96056
87.8,20.11514
49.2,20.11514
66.9,20.11514
69,19.65765
58.5,20.1
58.5,20.1
56.7,20.1
73,20.1
50,20.27848
78.3,20.27848
62.3,20.27848
62.3,20.27848
80.6,20.27848
79.5,20.27848
83.3,20.27848
83.3,20.27848
100,20.27848
100,20.27848
84,20.27848
84,20.27848
85.2,20.27848
84.6,20.27848
52.3,20.27848
52.3,20.27848
47.6,20.27848
64.2,20.27848
64.9,20.27848
64.9,20.27848
82.4,20.27848
82.2,20.27848
85.5,20.27848
85.5,20.27848
100,20.27848
100,20.27848
89.5,20.27848
89.5,20.27848
91.7,20.27848
86.8,18.66243
2.9,21.29084
2.9,21.29084
23.5,21.29084
12.7,21.29084
21.6,21.29084
21.6,21.29084
32.8,21.29084
28.2,21.29084
29.1,21.29084
93.5,21.29084
92.5,21.29084
6.6,19.05626
6.6,19.05626
17.1,19.05626
63.5,19.05626
92.3,20.40915
74.3,20.40915
74.3,20.40915
14.5,19
59.7,19
82.8,19
86.1,19
75.3,19
75.3,19
65.8,19
48.9,19
48.9,19
40.1,19
36.6,19
36.6,19
48,19
28.8,18.9
17.5,22.5
58.1,19.00334
93.1,19.00334
98,19.00334
98,19.00334
88.4,19.00334
73.1,19.00334
71.4,19.00334
71.4,19.00334
61.9,19.00334
91.7,19.00334
58.3,19.00334
58.3,19.00334
66.7,21.6
66.7,21.6
8.6,20.90757
3.2,22.44376
3.2,22.44376
17.9,22.5
17.9,22.5
20,23.55405
85.6,23.2
82.4,23.0297
83.6,24.1
95.5,23.7
96.3,23.7
7.8,23.1
32.8,23.1
32.2,23.1
30.5,23.1
30.5,23.1
32,23.1
28.4,23.1
20.5,23.1
98.4,23.1
96.3,23.1
4.6,23.1
33.1,23.1
51.8,23.1
51.8,23.1
25,23.1
21.7,23.1
17.2,23.1
17.2,23.1
4.4,22.70828
80.2,24.1
80.2,24.1
0.4,23.8
5.3,22.5
49.5,18.18
49.5,18.18
1.5,24.90105
8,23.31496
1.5,19.73357
34.2,23.5
1.9,23.5
57.2,23.5
15,23.5
59.5,23.6
66.3,23.6
29.3,21.55335
44.7,21.55335
53,21.55335
47.5,21.55335
72.2,21.55335
4.9,19.49281
1.6,26.6
1.7,26.6
3.9,26.6
7.1,29.8
12.5,24.1
38.9,24.2
33.3,24.2
50,24.1
52.6,24.1
50,24.1
50,24.1
50,24.37205
16.7,24.37205
28.6,24.37205
25,24.37205
50,24.37205
46.2,24.1
22.7,24.1
33.3,24.1
14.3,24.1
100,24.2
82.6,24.2
100,24.2
100,24.2
100,24.2
66.7,24.2
6.7,24.1
6.7,24.1
25,24
33.3,24
100,24
28.6,27.5
11.1,27.5
11.1,27.5
12.5,27.5
11.1,27.5
9.1,26.05645
4,25.9
8.3,26.01438
14.3,26.04692
7.7,23.56473
100,23.56473
100,23.56473
12.5,24.15333
20,24.15333
33.3,24.15333
33.3,24.15333
20,24.15333
14.3,21.9387
14.3,21.9387
64,28.3
73.2,28.3
72.1,28.3
52.4,27.1
52.4,27.1
6.7,27.3
40,27.3
11.8,27.22937
0.5,26.22962
11.4,26.71913
45.8,26.81391
4.5,25.8
52.4,25.9
90.5,25.9
26.7,25.8
1.5,25.79255
40,25.7
36.4,20.26563
28.4,20.26563
51.3,20.26563
51.7,20.26563
51.7,20.26563
46.6,20.26563
31.8,20.26563
31.8,20.26563
55,20.26563
47.6,20.26563
47.6,20.26563
90.6,21.7701
90.6,21.7701
26.7,21.04772
50.7,21.04772
43.5,21.04772
29.4,21.04772
2.2,28.56031
2.5,28.6
2.5,27.98901
29,19.1
2,19.22984
2,19.22984
46.6,23.3
1.9,23.02207
6.1,23
65.1,23
95.1,23
95.1,23
18.8,26.58429
18.8,26.58429
42.9,26.58429
52.4,26.58429
42.5,26.58429
38.5,26.58429
33.3,26.58429
33.3,26.51798
1.4,22.2103
2,22.2103
2,22.2103
2,22.21713
2,22.21713
54.3,19.00244
54.3,19.00244
63.2,23.3
2.2,26.4
3.7,23.2
3.7,23.2
58.1,23.78017
6.1,17.51976
29.2,26
58.6,23.55941
2.5,17.6377
20,19.03223
27.8,19.1
27.8,19.1
57.7,19.2
33.6,19.2
35.9,19
44.5,19.1
1,13.26319
9,19.1
9,19.1
1.9,18.04112
35.2,18.84687
1.3,19.27892
1.3,19.27892
26.3,19
35.5,18.9
35.5,18.9
17.4,18.9
80.6,19
15.1,19
32.9,19
46.4,19
46.4,19
45.6,19
32,19
20.7,19
20.7,19
19.4,19
18,19
26.7,19
26.7,19
21.9,19
29.1,19
17.4,18.71684
29.2,18.84869
1.2,15.1
1.9,21.56753
1.9,21.56753
6,19.5904
1.3,19.30903
0.6,16
1.4,19.6
3,20
1.5,19.8
1.5,19.8
31.2,19.7
4,17.82713
2.8,19.9
2.8,19.9
1.9,19.7
1.9,19.7
3,19.73617
18.9,20
42.4,20
1.1,16.4
42.9,19.6
7.1,26.2
28.6,26.2
2.2,15.9
1.7,19.9
2.9,18.93403
18.2,18.93403
3,19.07348
3,19.07348
1,19.66823
1,19.66823
35.9,19.5
17.3,19.3
34,19.9436
34,19.9436
24.1,19.31562
60.2,19.4
60.2,19.4
41.3,19.4
12.5,19.4
3.3,26.4
15.5,19.4
43,19.5
48.4,19.49478
54.4,19.6
47,19.5
63.4,19.5
2,19.27699
13,19.5
18.5,19.51021
48.2,19.6
30.3,26.3
35.7,26.3
18.8,26.3
27.3,19.5
27.4,19.7
25,19.8
37.9,19.6
8.3,19.7
14.8,19.9
2,18.25781
4,18.25781
1,18.74045
8.2,27.67288
100,27.67288
83.3,27.67288
1.1,20.34836
1.1,20.34836
1,20.22405
10.6,20.8
7.1,20.8
10.9,20.8
16.7,20.8
15.7,20.8
16.9,20.8
2.2,21.49931
32.3,20.8
5.8,20.8
17.1,20.8
17.1,20.8
13.2,20.8
81.9,20.8
81.9,20.8
15.7,20.8
15.7,20.8
3.3,20.6
3.3,20.6
19.7,20.8
12.7,20.8
6,20.8
6,20.8
3,20.56984
30,20.56984
2.1,20.56984
83.5,20.56984
83.5,20.56984
33.9,20.56984
20.7,20.56984
78.3,20.6
19,20.6
45.5,20.4
38.5,20.4
25,20.4
25,20.4
75,20.4
45.2,20.4
2.3,21.64706
51.2,21.3
8.3,21.3
50.7,21.3
70.2,21.3
48.3,21.3
25.5,21.3
29.7,21.3
16.7,21.3
3.8,21.3
14.8,21.3
30.3,21.3
59.1,21.3
2.2,23.8
7.1,23.8
6.8,21.73201
3.3,15.09516
3.3,15.09516
18.8,24.2
14.8,24.2
0.5,25
15.9,25
14.6,25
18.4,20.21109
18.4,20.21109
11.1,24.9
3.8,24.9
28.7,24.66551
1.7,18.7
5.6,18.7
5.6,18.7
0.5,18.69671
2.9,18.7
1.9,18.6
1,18.6
2.2,18.43886
2.2,18.43886
27.7,18.43886
16.7,18.43886
16.7,18.43886
0.4,18.6
0.9,18.19481
0.9,18.19481
2.9,17.67889
2.9,17.67889
0.3,16.99862
2.5,25.85724
2.1,16.5
17.2,16.25613
17.2,16.25613
5.4,16.3
0.8,15.93724
17.5,15.93724
17.5,15.93724
10,18.44276
10.8,15.6
50,15.6
2.3,26.1
0.9,17.66885
3,19.86239
4.5,20.03668
1,26.07789
2.4,15.2
39.8,19.57986
39.8,19.57986
17.2,22.1
17.2,22.1
2.5,26.1
4,22.97962
32.1,22.6
32.4,20.9
1.9,26.4
1.1,26.4
42.7,19.5
48.7,19.5
83.3,19.5
32.4,18.93852
71.1,18.93852
16,19.55855
16,19.55855
2,20.92793
3,19.4012
9.8,19.4012
29.2,19.4012
44.4,18.1
2.6,26.3
9.8,17.9
9.8,17.9
41.7,17.9
5.1,17.9
27.3,17.6
5.7,17.5
5.1,17.5
3,17.5
8,22.6
8,22.6
1,17.98772
2,19.07694
2,19.07694
5.6,17.3
5.6,17.3
7.8,26.1
6,14.83299
36.4,19.8
2.9,15.22062
5.1,24.3
2,24.7
36.3,23.11123
36.3,23.11123
32.9,23.81239
1.4,14.50707
77.8,20.1
77.8,20.1
27.5,20.1
49.2,20.1
13.6,20.1
16.2,20.1
20,20.1
30,20.1
45.3,24.18709
45.3,24.18709
46.1,22.4
1,20.83207
51.9,24.2
51.9,24.2
60.7,23.9
1,20.09157
37.3,25.15241
64.4,24.62186
64.4,24.62186
66.7,21.3
72.1,24.3
79.3,24.1
1,20.44699
33,21.29363
75.2,24.4
75.2,24.4
3,21.9
9.7,22.99296
8.6,22.9
8.6,22.9
8.6,21.23379
18,24.7
16.1,23.5
16.1,23.5
63.4,26.19966
63.4,26.19966
27.9,26.19966
23.3,25.2
17.6,24.4
2.9,16.0537
74.3,21.75773
74.3,21.75773
33.3,21.50722
41.3,21.49639
3,20.50481
3,20.50481
7,19.7148
44,25.3
2.9,16.17491
11.7,21.6
4,27.5
85,21.78759
50.2,21.8
37,21.8
71.4,21.8
57.1,21.8
68.3,21.8
50,21.8
80.7,19.10582
55,19
5,18.6
3.8,18.39329
2.4,17.35034
2.4,17.35034
43.5,21.7701
92,21.7701
37.8,21.7701
65.5,21.7701
63.2,21.7701
63.2,21.7701
56,21.7701
50.9,21.7701
50.9,21.7701
53.3,21.7701
15.5,21.7701
60.9,21.7701
85.2,21.7701
85.2,21.7701
67.9,21.7701
65,21.7701
65,21.7701
61.9,21.7701
51.1,21.7701
51.1,21.7701
43.5,21.7701
48.6,21.7701
73,21.7701
78.4,21.7701
63.8,21.7701
47.5,21.7701
47.4,21.7701
59,21.7701
54.7,21.7701
50,21.7701
54.4,21.7701
49,21.7701
47,21.7701
53,21.7701
91.7,21.7701
0.6,18.8
2.1,20.11233
6.9,21.7
33.7,21.7
6,21.5
0.7,20.5
0.7,20.5
4.6,18.2
21,21.6
15,21.6
15,21.6
6.7,21.6
6.7,21.6
15.7,21.6
13.3,21.6
13.3,21.6
12.2,21.6
25.7,21.6
25.7,21.6
9.2,21.6
16,21.6
39.4,21.6
39.4,21.6
52,21.6
44.4,21.6
44.4,21.6
23.9,21.6
36.5,21.6
36.5,21.6
19.8,21.6
25,21.6
25,21.6
15,21.6
1.2,14.69072
4.8,20.17197
5.1,20.17197
4.4,16.6
15,16.1
15,16.1
14.2,19.84065
0.5,16.71145
16,19.7
2.1,19.7
2.4,22.2
2.4,22.2
4.5,22.2
6.8,15.05952
6.7,15.05952
34.2,15.05952
3.1,15.10648
36.8,26.11214
36.8,26.11214
1.9,14.7
33.3,23.93647
50.5,20.52974
92.1,20.52974
96.2,20.52974
19.3,20.52974
19.3,20.52974
63.2,20.52974
62.3,20.52974
62.3,20.52974
38.9,20.52974
46.7,20.52974
46.7,20.52974
35.8,20.52974
8.3,20.52974
8.3,20.52974
36.9,20.52974
66.3,20.52974
66.3,20.52974
68.9,20.52974
65.1,20.52974
65.1,20.52974
41.5,20.52974
55.8,20.52974
55.8,20.52974
51,20.4
72,20.4
11.9,16.9
50,23.17983
76.5,24
15.8,26.06644
5.3,16.6
5.3,16.6
5.2,28.7
33.3,17.8
19.2,17.15956
19.2,17.15956
3.8,20.6
3.8,20.6
25,20.6
8.3,20.6
7.5,20.6
4.3,20.6
5,20.6
40.7,20.6
63.2,20.6
14.8,19.6
39.1,19.6
23.1,19.6
4.8,19.6
7.3,19.6
10.4,19.6
4.2,19.6
10.5,19.6
1.8,19.6
4.2,19.6
12,19.6
5.2,19.6
4.2,19.6
3.9,19.6
5.8,19.6
8.3,19.6
57.1,19.5
57.1,19.5
26.7,19.6
38.1,19.6
20,19.6
31.6,19.5
55.8,19.5
32.6,19.5
2.4,24.64359
54.5,19.57474
54.5,19.57474
14,19.6
31.3,19.6
15.2,19.6
10.9,19.6
9.3,19.6
8.3,19.6
7.8,19.6
9.1,19.6
24.7,18.66689
24.7,18.66689
42.2,17.32041
40.8,19.15952
1,20.22492
4.5,14.97432
4.5,14.97432
2.9,17.34208
4.5,14.97432
45.8,19.5
0.7,20.35307
0.7,20.35307
9.5,18.91365
26.7,20.44632
9.7,20.44632
9.7,20.44632
6.2,20.5
27.1,20.32177
27.1,20.32177
1.5,20.53277
1,20.6
8.3,19.53226
31.6,20.3
17.8,20.3
17.8,20.24361
6.7,19.2
33.6,19.53554
51.3,19.80813
33.6,19.80813
16.7,18.69898
3.9,22.02082
1.2,25.7
7.1,20.5
27.7,21.33689
27.7,21.33689
9.1,20.8
22.8,21.4
22.8,21.4
29.2,21.4
36.3,21.4
36.3,21.4
16.9,21.4
61.4,21.4
45.1,21.4
45.1,21.4
45.1,21.4
58.5,21.4
40.4,21.4
37.5,21.4
77.2,21.4
77.2,21.4
62.9,20.2
62.9,20.2
80,20.9
80,20.9
17.6,20.5
27.2,22.6
73.8,22.6
8,21.3
8,21.3
17.4,20.2
10,21
10,21
50,21
79.6,21
56,21
47.6,21
39,21
39,21
24,21
31.3,21
63.3,22.6
87,22.6
65.4,21.18878
20.6,20.3
84.4,20.3
45.5,20.3
84.6,20.3
84.6,20.3
82.8,20.3
88.6,20.3
88.6,20.3
90.6,20.3
95.8,20.3
90.3,20.3
90.3,20.3
90.9,20.3
91.7,20.3
85.7,20.3
58,20.3
27.8,20.3
27.8,20.3
63.2,20.3
40.5,20.3
29.1,20.3
14.3,21.2
6.5,21.2
21.9,21.2
21.9,21.2
22.2,21.2
21.1,21.2
6.3,21.2
25.6,20.69046
88.6,20.69046
50,20.69046
50,20.69046
91.3,20.69046
75.5,20.69046
40,20.69046
55.4,20.8414
65.7,20.1
60,19.7
58.5,19.36826
18.2,19.64924
38.9,19.1
64.1,19.31554
8.1,17.71047
79.4,19.3
0.8,19.3
7.7,19.3
2.5,19.3
3.2,19.3
15,19.26241
47.6,16.89307
1.1,16.89307
8.5,21.7
8.5,21.7
8.3,28.2
8.3,28.2
3.8,17.15279
2,26.6
2,18.6
19,19.3
1,19.1
48,24.7
94.1,24.7
42,17.8
8.1,17.8
24,22.9
27.8,17.5
27.8,17.5
5.4,17.5
5.4,17.5
1.9,16.6
8.3,18.91045
17,18.91045
17,18.91045
20.4,18.91045
16,18.91045
17,18.91045
10,19.3
10,19.3
37.2,19.6
12.5,22.60676
12.5,22.60676
39.6,24.1
2,14
23.9,21.9
20.8,22.6
32,22
1.4,18.8
1.4,18.8
7,20.7
30,21.14377
5.3,21.90929
25,21.8
25,21.8
37.9,24.40521
3.5,19.2602
46.9,19.1
26,18.73636
26,18.73636
15.2,22.79493
15.2,22.79493
4.5,14.8
63.5,20.5
20.5,21.68769
89.7,21.68769
35.8,19.9
1.3,20.3204
1.3,20.3204
1.5,16.3
8,19.3
8,19.3
9.2,18.9
3.5,15.8
3.7,16.2
2,16.05203
22.1,20.3
1,18.7
1,18.7
42.4,19.50152
89.7,19.50152
89.7,19.50152
22.2,17.5
9,18.40101
2.4,18.33288
2.4,18.33288
61.8,19.5
57.6,19.6
52.5,19.6
67.6,19.6
56,19.78224
61.4,19.6
33.3,19.72256
67.9,19.72256
64.7,19.72256
64.7,19.72256
50,19.72256
7.5,19.58229
33,19.58229
43.9,19.58229
63.5,19.58229
83.9,19.58229
65.7,19.70654
65.7,19.70654
62.7,19.6
55.8,19.6
55.8,19.6
54.2,19.44832
50.9,19.35293
63.1,19.4
59.8,20.1
23,17.55647
41,16.8
16.7,18.92057
13.8,18.92057
22,18.92057
22,18.92057
35.3,18.92057
45.9,21.7
45.9,21.7
21.6,21.68168
13.9,26.13696
14.5,23.3
66.4,22.7
45.6,25.5
1.2,17.3
48,24.9
48,24.9
57,18.6
57,18.6
15.4,18.6
77,18.6
77,18.6
1.3,16.76875
91,18.3
82.9,18.3
66.7,19.1
16.7,18.1
50,17.9
14.3,18.3
74.3,24
16.1,23.88383
24.3,23.88383
31.6,23.88383
10.8,23.3
22.8,23.3
28.6,23.3
28.6,23.3
12.4,22.2
12.4,22.2
11.5,22.2
20,22.2
4,22.1
10.3,22.1
11.7,23.04648
7.8,23.04648
7.8,23.04648
2,23.04648
95.2,18.61037
96,24.2
19,23.9
75,25.4
14.3,25.4
11.1,25.4
11.1,25.4
20,25.4
100,25.4
21,25.40281
21,25.40281
19.3,25.4
4.1,25.4
37,25.4
4,25.4021
39,25.4021
39,25.4021
7.3,25.4
40,25.7
50,25.7
57.1,25.7
57.1,25.7
100,25.7
100,25.7
100,25.7
100,25.7
100,25.7
60,25.7
0.9,24.54956
1.5,25.6
1,24.99546
1,25.3
1.4,25.3
1.4,25.3
0.9,25.3
3,25.3
3,25.3
1.6,24.35158
22.8,24.9
22.8,24.9
43.7,24.60035
74.7,24.60035
80.5,24.60035
76.4,24.60035
76.4,24.60035
75.6,24.60035
58.1,24.60035
50,24.60035
66.7,24.60035
66.7,24.60035
66.7,24.60035
38.9,24.60035
42.9,24.60035
46.2,24.60035
56,24.60035
15,25.45832
15,25.45832
2.5,24.92469
3.1,24.66544
1,24.66544
1,24.66544
1,25.60942
1,24.1648
2,24.6
2,24.6
4.7,25.2
6.7,23.69336
6.7,23.69336
3.6,25.3
2.9,23.88827
2.9,23.88827
4.9,23.88827
4.9,23.88827
51,25.1
1,25.06602
1,25.06602
2.9,25.47233
2.9,25.47233
40.4,25.24266
23.3,25.5
34,25.24991
34,25.24991
0.9,25.06632
45.5,22.99598
53.5,22.99598
20.3,25.9
2.7,25.9
2.7,25.9
2,24.98581
80,25.3
1.9,24.59772
1.9,24.59772
2.8,25.1965
79,24.9
79,24.9
2,25.1736
4,23.90595
89.7,25.063
1,23.91576
65,24.77853
43.8,25
36.4,25
36.4,25
2.7,25.42932
56.1,25.1
68,25.1
51,25.1
45.6,25.1
33.9,25.1
49.5,25.1
32.7,25.1
32.7,25.1
11.1,25.3
9.9,25.05044
17.5,25.4
13.3,25.4
4.9,25.4
60.9,24.8
31.8,24.73951
51,24.75474
51,24.75474
32,24.8
32,24.8
78.2,24.74346
6.7,25.5
6.7,25.5
23.4,25
23.4,25
4.9,25.2
4.9,25.2
36.4,24.1
36.4,24.1
52.8,23.9
0.9,27.61699
0.9,27.61699
4,27.5
4,27.5
33.3,23.67836
1,27.7
1,27.7
1,26.4
1,26.4
1,27.41518
1,27.41518
21.5,24.29808
21.5,24.29808
89.1,24.2
52.9,23.71463
52.9,23.71463
6.2,21
17.7,21
27.6,21
18.4,21
18.4,21
10.2,21
8.6,21
8.6,21
25.7,27.1
2.5,25.23099
3.6,23.8
3.6,23.8
1.8,25.7
4.8,23.84745
4.8,23.84745
4.5,23.9
4.5,23.9
1.4,23.9
4.8,23.8
3.1,23.8
2.4,23.85158
2.4,23.85158
6.2,24.08105
6.2,24.08105
4.8,23.9
11.2,23.8
1.8,23.8
1.8,23.8
6.7,23.94456
2.4,25.13614
19.4,23.8
1.9,26.4
2.2,24.2
2.2,24.2
2.8,26.80334
11.5,23.74771
6.2,23.90699
2.8,23.83047
31,24
9.5,23.73374
2,23.9
2,23.9
3.2,26.4
1.8,23.80018
2.3,24.4
6.5,24.23123
3.2,23.77834
6.2,25.20211
7.1,24.55325
7.1,24.55325
0.5,24.55325
1.9,24.2
2.8,26.17443
6.2,24.12207
4.8,24.03228
3.1,24.69228
3.1,24.69228
0.8,24.6
3.8,24.94091
3.8,24.94091
28.8,23.6
70.3,23.6
70.3,23.6
5,23.6
3.7,25.4
0.9,24.9
2.3,24.65849
21.2,25
80,24.6
80,24.6
45.6,24.6
12,24.6
12,24.6
51.6,24.70472
28.6,24.70472
28.6,24.70472
5,24.70472
4.3,24.51538
1.9,23.78007
15,25.2
15,25.2
10.8,24.89772
2.5,24.89772
5.5,25
5.5,25
3.8,25.03975
16.2,24.94235
33.3,25.3
57.1,25.3
57.1,25.3
55.9,25.3
50,25.3
57.1,25.3
33.3,25.3
57.1,25.3
55.9,25.3
50,25.3
50,25.3
57.1,25.3
33.3,25.3
57.1,25.3
57.1,25.3
55.9,25.3
50,25.3
57.1,25.3
57.1,25.3
5.6,26.2
7.4,25.6
29.8,25.25507
29.8,25.25507
14.3,25.24151
1,25.2
8.9,24.2
1,25.3
5.6,25.28161
5.6,25.28161
3.8,25.2
14.5,25.2
18.6,25.18846
35.7,23.1
51.5,24.99232
2.9,24.66246
81.6,23.89353
81.6,23.89353
5,24.38737
5,24.38737
1.97,23.6
11.3,23.39528
3.6,20.43638
2.8,23.1
2.2,20.2
6.6,22.2
1.1,21.8
2.3,22.72705
2.6,21.8
13.1,24.5
1.5,22.3
2.1,22.5
2.3,24.5
2.3,24.5
3.1,23.37325
11.1,22.7676
5,23.4
4,23.38007
4,23.38007
4.9,22.44633
40,22.88348
17.7,22.9
17.7,22.9
16,22.9
1.9,23.5
15.4,23.28883
2.8,23.4
35.3,22.764
35.3,22.764
5.9,21.8808
7.7,22.44373
33.3,23.34808
41.7,21.69653
41.7,21.69653
6.4,23.6
21.6,23.24435
21.6,23.24435
6.7,22.4
6.7,22.4
2.5,22.38748
10,21.64809
2.6,21.5
79.5,23.03113
5.5,22.57217
4.8,20.6
4.8,20.6
33.3,22.31134
33.3,22.31134
26,20.56209
15.6,22.1845
6.5,21.97739
6.5,21.97739
5.2,22.72981
78.6,25.29077
6,22.1
11.1,22.17304
11.1,22.17304
24.2,21.41632
24.2,21.41632
89.6,24.74045
7.9,22.39634
42.3,25.1
64.3,26.1
16.7,25.94887
62,25.0539
84.8,24.9
33.3,24.86851
59.5,25.33951
59.5,25.33951
64.9,25
7.1,26.9
35.4,26.50052
34.1,26.7
69.9,25.39551
68.8,26.63149
68.8,26.63149
61.1,26.37448
3,27.43328
10.9,27.5
16.7,27.4
16.7,27.4
23.2,27.6
23.2,27.6
62.5,27.6
1.4,27.6436
1.4,27.6436
3.8,27.6
53.3,27.7
53.3,27.7
3,27.6
3,27.6
60.9,27.7
46.4,27.7
10.7,27.7
5,27.7
10.2,27.5
6.8,27.88144
6.8,27.88144
9.8,27.9
9.8,27.9
25.8,28
56.2,27.63834
5.5,27.45731
5.5,27.45731
29.5,27.53402
21.1,27.8038
22.5,26.7
39.5,27.83506
10.8,27.42362
39.5,27.43643
71.4,26.5
74,26.22
61.1,28.03688
61.1,28.03688
36.1,27.48313
8.2,28
87.5,24.8
87.5,24.8
9.3,28
2.3,28.1
2.3,28.1
80,26.22401
3.9,28.1
22.9,23.29261
22.9,23.29261
11.9,26.42241
11.9,26.42241
27,28.05026
9.1,28.2
9.1,28.2
4.7,28.1
17.6,24.42926
23,24.09845
0.7,28
1.6,28.44948
3.5,28.1
0.9,28.3
2.1,28.3
20.8,23.70583
1.7,28.32805
1.7,28.32805
2.4,28.3
1.9,28.3
5.4,28.2
35.5,27.61117
35.5,27.61117
52.2,28.24536
28.5,28.24536
35.2,28.24536
46.2,23.96962
46.2,23.96962
38.2,24.15137
17.2,26.9
13.8,24.51094
20.1,24.51094
2.9,28.26386
9.1,25.70756
10.3,27.6
14.8,27.3
21.7,26.23682
4.9,26.2
12,26.2
4.9,26.2
4.9,26.2
4,28.3
69,25
44.1,25
20,26.6
20,26.6
48.3,26.6
64.6,26.35299
30.4,25.14038
30.4,25.14038
26.3,25.15825
2.8,28.17569
2.8,28.17569
16.9,25.4
1.7,27.1
2.1,27.13533
3.1,27.14992
3.1,27.14992
2.4,26.9335
2.4,26.9335
2.2,27.5
20.7,27.4
20.7,27.4
0.8,26.60682
9.3,27.18674
0.8,26
0.7,26
0.6,26
12,26.7
12,26.7
0.3,26.9
3,26
13,26.9
11,26.1
8,26.4
41.3,26.8
7.5,26.1
38,26.8
10,27.1
21.4,27.1
23,27.1
3.7,26.6
15,25.82932
15,25.82932
22,26.6
22,26.6
6.5,26.6
6.5,26.6
7,26.6
14.1,26.6
41,26.8
2.9,26.18472
2.9,26.18472
60,26.56341
0.3,26.6
2.4,26.6
3,26.5
5.6,26.5
2.3,26.5
37.9,26
3.7,25.9
7.1,25.8
14.2,25.87875
19.4,25.8
15,25.8
50,25.7
51.8,25.8
20.3,25.7
0.3,25.6
42.7,25.54557
20,25.49965
65.1,25.5
50.3,25.6
6.7,25.60087
6.7,25.60087
8.3,25.60087
46.2,25.60087
18.2,25.60087
26.7,25.60087
10,25.60087
20,25.6
25,25.6
12.5,25.6
73.5,25.69878
7.7,25.7
20,25.7
13.3,25.7
77.2,25.4271
42.1,25.6
3.6,26.72666
66.4,25.5
14.3,25.6
10,25.6
11.1,25.6
9.1,25.6
61.9,25.5
54.9,25.4
18.5,25.4
53.3,25.4
33.3,25.4
85.7,25.4
85.7,25.4
66.7,25.4
65.1,25.5
14.3,25.5
50,25.5
50,25.5
17.6,25.5
19,26.20972
19,26.20972
7.1,26.16934
70.6,25.3
100,25.3
100,25.3
40,25.3
54.4,25.3
54.4,25.3
40,25.4
66.7,25.4
88.2,25.4
88.2,25.4
60,25.4
66.7,25.4
63.6,25.4
45.7,25.2
20,25.5
25,25.5
25,25.5
20,25.5
27.4,25.1
27.4,25.1
70.2,25.2
60,25.3
49,25.2
16.7,25.1
55.8,25.2
55.8,25.2
87,25.2
87,25.2
82.2,25.1
82.2,25.1
64.7,25.1
60.6,25.1
84.4,25.11424
84.4,25.11424
66.7,25.2
91.5,25.2
68.6,25.2
91.5,25.2
91.5,25.2
92.6,25.2
69.6,25.2
47,25.1
14.3,25
71.4,25.1
79.6,25.1
11.1,25.1
68.1,25
68.1,25
76.2,25
45.5,25
29.3,24.9
29.3,24.9
67.5,25.1
50.5,25
50.5,25
71.5,24.86962
33.3,24.9
33.3,24.9
70.9,25
66.3,24.9
67.3,25
14.3,24.9
48.3,24.97812
65.5,24.99983
40,25
77.6,25
77.6,25
75,25
28.9,25
62.7,25
62.7,25
13.8,25
9.1,25
58.8,24.9
58.8,24.9
39.8,24.7
51.7,24.7
30.4,25
79.5,25
30.1,24.9033
46.8,25
71,24.8
40.3,24.8
69.6,25
70.8,24.99162
70.8,24.99162
66.7,24.99162
42.4,24.9
42.4,24.9
80.9,24.9
37.5,25
32.1,24.9
21.1,24.9
21.1,24.9
28.1,24.9
46,25
33.9,25
31,25
29.8,25
60,25
65.8,25
60.4,25
45.3,25
41.4,25
32.3,25
50.7,24.89826
63.6,24.9
51.2,24.9
24.6,24.9
58.4,24.81235
58.4,24.81235
33.3,24.9
33.3,24.9
52.6,24.9
45.9,24.9
84,24.9
49.2,24.9
49.2,24.9
36.3,24.9
75.3,24.9
75,24.9
75.3,25
77.2,25
80.8,25
56.5,25.2
71.3,25.2
13.6,23.7
18,24.80035
14.9,24.86528
20.9,23.7
58,24.56916
45.5,24.56916
37,24.59826
37,24.59826
19,25.24479
87,25.2
87,25.2
42.1,25.26017
42.1,25.26017
62.9,25.26017
76.8,25.26017
75,25.26017
83.9,25.26017
80.5,25.26017
80.5,25.26017
83.3,25.26017
93.3,25.26017
100,25.26017
100,25.26017
87.5,24.9
9.2,24.4
9.2,24.4
4.4,24.4
72.7,24.9
72.7,24.9
94,24.8
94,24.8
40,25.3
21.4,25.3
50,25.3
42.1,25.3
63.6,25.3
55.6,25.3
100,25.3
66.7,25.3
75,25.3
64.2,24.8
11.1,22.5
13.6,25.1156
41.9,25.1156
41.9,25.1156
77.3,25.1156
51.5,25.1156
51.4,25.1156
51.4,25.1156
9.1,25.1156
6.3,25.1156
18.8,25.1156
26.3,25.1156
23.1,25.1156
10,25.1156
66.7,25.1156
20.8,24.7
2.9,24.7
9.3,24.6
2.1,24.7
61.1,24.06875
80,24.06875
80,24.06875
93.3,24.06875
92.3,24.06875
95,24.06875
95,24.06875
100,24.06875
100,24.06875
3.8,24.7
3.8,24.7
4,24.7
56,23.58681
46.3,23.57491
33.6,24.22874
33.6,24.22874
100,24.22874
100,24.22874
100,24.22874
78.6,24.22874
84.6,24.22874
84.6,24.22874
90.3,24.22874
88.9,24.22874
94.1,24.22874
94.1,24.22874
100,24.22874
100,24.22874
32.5,24.07071
100,24.07071
100,24.07071
100,24.07071
84.6,24.07071
100,24.07071
100,24.07071
100,24.07071
40.4,24.06997
7.7,23.3
7.5,24.6
23.3,24.6
25.3,23.6
2.4,23.7
13.7,23.7
4.9,22.54818
4.9,22.54818
31.1,23.8
4.3,26.94671
0.8,26.85486
6.3,26.50692
1.3,26.50708
1.3,26.50708
2.1,26.57955
0.7,26.40208
26.9,26.70121
5.1,26.48672
7.6,26.72224
38.3,26.8
12.8,26.89948
20.7,26.69742
4,26.5
20.1,26.6
4.9,26.5
1.5,26.55467
20.9,26.5055
7.9,26.54404
5.6,26.63772
10.9,26.50534
23.2,26.7
8,26.70396
1,26.4
36,26.4
36,26.4
21,23.35554
27,23.35554
23,23.35554
23,23.35554
22,23.3
10,23.3
18,23.3
33,23.89597
18,23.89597
18,23.89597
22,23.89597
31,23.89597
17,23.6
17,23.6
16,23.6
27,23.6
27,23.6
19,23.6
22,23.6
19,24.4
5,24.4
3,20.89912
2.1,24
15.4,24
10.5,24
6.6,24
7.6,24
6.6,24
5.5,24
3.9,24
3.2,24
5.31,17.7
21.5,24.4
12.2,24.4
8.2,24.4
11.1,24.4
6.6,24.4
6.1,24.4
4.8,24.4
7.1,24.4
21.5,24.2
21.5,24.2
11.1,24.2
11.6,24.2
14.6,24.2
11.4,24.2
9.3,24.2
8,24.2
5.9,24.2
35,24.3
23.1,24.3
13.8,24.3
23.6,24.3
19.9,24.3
17.5,24.3
15.2,24.3
8.7,24.3
17.27,24.85351
37.8,24.40825
37.8,24.40825
33,24.5
47.1,24.5
65.8,18.1
65.8,18.1
18.81,24.9
18.81,24.9
29.3,24.9
0.5,21
27.4,25.1
11.71,25.1
11.71,25.1
36,25.1
20,25.1
34.5,25.2
91,25.3
34,25.3
8.92,25.3
8.92,25.3
34.28,25.2
41.9,25.2
60.4,25.05947
75,25.05947
54.9,25.05947
45.1,25.05947
34.5,24.8
62.2,24.8
36.5,24.8
39.7,24.8
1.3,23.95842
51.8,24.8
3.8,24.7
3.8,24.7
3.44,24.4
7.74,24
13,24
17.68,23.4
1.55,21.8
1.55,21.8
32,22.94536
10.55,22.9331
2.7,22.4
2.7,22.4
15,22.4
1.4,22.4
6.42,22.2
6.42,22.2
6.1,20.3
13.8,20.3
10.9,20.5
9.7,20.4
1.2,20.4
23.1,20.9
17.7,20.4
5.8,20.3
5.8,20.3
29.6,20.3
42.5,20.9
50,20.9
51.3,20.9
12.8,20.6368
11.8,20.6368
17.9,20.32895
21,20.32895
57.9,20.7
34.9,20.7
15,20.8
15.2,20.28715
4.4,20.471
4.4,20.40387
9.2,21
9.3,20.7
5.9,20.7
22.2,27.4
22.2,27.4
4.2,27.4
18.2,27.4
14.3,27.4
16.7,27.4
17.4,27.4
25,27.4
40,27.4
25,27.4
100,27.4
5.3,28.7
5.3,28.7
5.3,28.7
5.3,28.7
7,28.54074
7,28.54074
7,28.54074
7,28.54074
50.6,28.59966
50.6,28.59966
50.6,28.59966
50.6,28.59966
10.9,28.7
10.9,28.7
10.9,28.7
10.9,28.7
22.7,28.54074
22.7,28.54074
22.7,28.54074
22.7,28.54074
8.1,28.6
8.1,28.6
8.1,28.6
8.1,28.6
90.8,28.59966
90.8,28.59966
90.8,28.59966
90.8,28.59966
29.3,27.5
25.8,27.5
20.2,27.5
20.2,27.5
60.9,27.5
79,27.27986
75,26.39931
47,27.31269
43,27.19983
43,27.19983
42,27.1726
42,27.5
9,27.16814
3.7,27.53247
2.9,27.53247
7.8,27.6
7.8,27.6
4.8,27.3
57.1,26.39931
33.3,26.39931
55.6,26.39931
55.6,26.39931
10,27.25856
30.2,27.19983
45.9,27.19983
45.9,27.19983
65.6,27.19983
66.7,27.19983
55.6,27.19983
82.4,27.19983
53.8,27.19983
28.6,27.19983
41.7,27.19983
23.1,27.19983
33.3,27.19983
21.4,27.19983
0.9,27.23077
0.5,27.2
1.3,22.4
80,22.3
100,22.3
100,22.3
60,22.3
20,22.3
17.6,22.3
11.1,22.3
11.1,22.3
100,22.3
50,22.3
62.9,22.3
72.6,22.4
95.7,22.4
86.2,22.4
13,22.4
13,22.4
24.4,22.4
80.2,22.4
80.2,22.4
68.7,22.4
84,22.3
2.2,22.3
2.2,22.3
80.5,22.3
45,22.3
92.1,22.3
41.7,22.3
55.6,22.3
10.7,22.3
1.5,22.3
1,22.3
1,22.3
69.6,22.1
7,22.1
6.7,22
3.39,27.1
3.39,27.1
3.75,26.84143
3.75,26.84143
32.4,27.4
32.4,27.4
32.4,27.4
32.4,27.4
32.4,27.4
29.5,27.4
29.5,27.4
29.5,27.4
29.5,27.4
4,27.5
4,27.5
4,27.5
5.1,27.4
5.1,27.4
5.1,27.4
5.1,27.4
5.1,27.4
20,27.3
20,27.3
20,27.3
20,27.3
28.1,26.8
29.8,28
31,27.3
28.8,26.8
10.6,27.1
7,22.1
